Date,Open,High,Low,Close,Volume,Ticker,source,updated_at
2026-10-09,10200,10400,10005,10400,21285,BBGC,live,2026-10-09 20:04:09.554503
2026-10-08,10200,10245,9950,10200,21815,BBGC,live,2026-10-08 20:39:05.408595
2026-10-07,9670,10000,9670,9950,20011,BBGC,live,2026-10-07 20:33:29.062398
2026-10-06,9200,9650,9200,9650,22020,BBGC,live,2026-10-06 20:09:43.260871
2026-10-05,8990,9200,8985,9195,27275,BBGC,live,2026-10-05 21:57:30.671370
2026-10-02,8900,8995,8800,8995,35239,BBGC,live,2026-10-02 19:52:12.027142
2026-10-01,9000,9000,8500,8800,60416,BBGC,live,2026-10-01 20:18:12.741195
2026-09-30,9675,9675,9000,9000,156006,BBGC,live,2026-09-30 19:55:46.201535
2026-09-29,9000,9000,8375,9000,21082,BBGC,live,2026-09-29 19:56:03.381389
2026-09-28,8375,8375,7795,8375,3273,BBGC,live,2026-09-28 21:11:40.576152
2026-09-25,7795,7795,7255,7795,17004,BBGC,live,2026-09-25 19:12:50.711897
2026-09-24,7255,7255,7255,7255,20926,BBGC,live,2026-09-24 19:01:30.103995
