Ticker,Date,Timestamp,Cours_Ouverture,Cours,Volume_Cumule
BNBC,2026-05-29,2026-05-29 10:15:51,1590.0,1590.0,187.0
BNBC,2026-05-29,2026-05-29 11:20:26,1590.0,1590.0,534.0
BNBC,2026-05-29,2026-05-29 11:55:27,1590.0,1590.0,534.0
BNBC,2026-05-29,2026-05-29 12:04:43,1590.0,1590.0,534.0
BNBC,2026-05-29,2026-05-29 12:05:34,1590.0,1600.0,624.0
BNBC,2026-05-29,2026-05-29 12:15:27,1590.0,1600.0,624.0
BNBC,2026-05-29,2026-05-29 12:25:04,1590.0,1600.0,624.0
BNBC,2026-05-29,2026-05-29 12:56:03,1590.0,1590.0,638.0
BNBC,2026-05-29,2026-05-29 12:58:29,1590.0,1590.0,638.0
BNBC,2026-05-29,2026-05-29 13:05:25,1590.0,1590.0,638.0
BNBC,2026-05-29,2026-05-29 13:20:30,1590.0,1595.0,648.0
BNBC,2026-05-29,2026-05-29 13:35:27,1590.0,1585.0,704.0
BNBC,2026-05-29,2026-05-29 13:50:29,1590.0,1590.0,705.0
BNBC,2026-05-29,2026-05-29 14:05:34,1590.0,1585.0,785.0
BNBC,2026-05-29,2026-05-29 14:20:23,1590.0,1585.0,785.0
BNBC,2026-05-29,2026-05-29 14:35:25,1590.0,1585.0,815.0
BNBC,2026-05-29,2026-05-29 14:50:26,1590.0,1585.0,815.0
BNBC,2026-06-01,2026-06-01 09:50:26,0.0,1585.0,0.0
BNBC,2026-06-01,2026-06-01 10:05:31,1700.0,1700.0,4596.0
BNBC,2026-06-01,2026-06-01 10:20:23,1700.0,1700.0,4626.0
BNBC,2026-06-01,2026-06-01 10:35:21,1700.0,1700.0,4653.0
BNBC,2026-06-01,2026-06-01 10:50:23,1700.0,1700.0,4653.0
BNBC,2026-06-01,2026-06-01 11:05:28,1700.0,1700.0,4663.0
BNBC,2026-06-01,2026-06-01 11:20:26,1700.0,1700.0,4683.0
BNBC,2026-06-01,2026-06-01 11:35:27,1700.0,1700.0,4683.0
BNBC,2026-06-01,2026-06-01 11:50:23,1700.0,1700.0,4685.0
BNBC,2026-06-01,2026-06-01 12:05:27,1700.0,1700.0,4685.0
BNBC,2026-06-01,2026-06-01 12:20:27,1700.0,1700.0,5383.0
BNBC,2026-06-01,2026-06-01 12:35:25,1700.0,1700.0,5583.0
BNBC,2026-06-01,2026-06-01 12:50:25,1700.0,1700.0,5584.0
BNBC,2026-06-01,2026-06-01 13:05:26,1700.0,1700.0,5594.0
BNBC,2026-06-01,2026-06-01 13:20:28,1700.0,1700.0,5594.0
BNBC,2026-06-01,2026-06-01 13:35:26,1700.0,1700.0,5613.0
BNBC,2026-06-01,2026-06-01 13:50:29,1700.0,1700.0,5633.0
BNBC,2026-06-01,2026-06-01 14:05:29,1700.0,1700.0,5633.0
BNBC,2026-06-01,2026-06-01 14:20:30,1700.0,1700.0,5633.0
BNBC,2026-06-01,2026-06-01 14:35:28,1700.0,1700.0,5633.0
BNBC,2026-06-01,2026-06-01 14:50:32,1700.0,1700.0,5633.0
BNBC,2026-06-01,2026-06-01 15:05:33,1700.0,1700.0,5633.0
BNBC,2026-06-02,2026-06-02 09:50:24,0.0,1700.0,0.0
BNBC,2026-06-02,2026-06-02 10:05:25,1750.0,1740.0,171.0
BNBC,2026-06-02,2026-06-02 10:20:23,1750.0,1740.0,186.0
BNBC,2026-06-02,2026-06-02 10:35:22,1750.0,1740.0,236.0
BNBC,2026-06-02,2026-06-02 10:50:23,1750.0,1740.0,236.0
BNBC,2026-06-02,2026-06-02 11:05:25,1750.0,1725.0,251.0
BNBC,2026-06-02,2026-06-02 11:20:25,1750.0,1710.0,815.0
BNBC,2026-06-02,2026-06-02 11:35:27,1750.0,1720.0,1605.0
BNBC,2026-06-02,2026-06-02 11:50:25,1750.0,1715.0,2390.0
BNBC,2026-06-02,2026-06-02 12:05:24,1750.0,1700.0,2490.0
BNBC,2026-06-02,2026-06-02 12:20:23,1750.0,1715.0,2553.0
BNBC,2026-06-02,2026-06-02 12:35:28,1750.0,1715.0,2743.0
BNBC,2026-06-02,2026-06-02 12:49:21,1750.0,1715.0,2792.0
BNBC,2026-06-02,2026-06-02 12:50:26,1750.0,1715.0,2792.0
BNBC,2026-06-02,2026-06-02 13:05:25,1750.0,1715.0,2843.0
BNBC,2026-06-02,2026-06-02 13:20:27,1750.0,1715.0,2871.0
BNBC,2026-06-02,2026-06-02 13:35:29,1750.0,1700.0,2972.0
BNBC,2026-06-02,2026-06-02 13:50:31,1750.0,1700.0,2977.0
BNBC,2026-06-02,2026-06-02 14:05:31,1750.0,1710.0,2980.0
BNBC,2026-06-02,2026-06-02 14:20:29,1750.0,1710.0,2980.0
BNBC,2026-06-02,2026-06-02 14:35:30,1750.0,1710.0,2980.0
BNBC,2026-06-02,2026-06-02 14:50:29,1750.0,1700.0,4868.0
BNBC,2026-06-02,2026-06-02 15:05:32,1750.0,1700.0,4868.0
BNBC,2026-06-03,2026-06-03 09:50:26,0.0,1700.0,0.0
BNBC,2026-06-03,2026-06-03 10:05:30,1580.0,1705.0,2083.0
BNBC,2026-06-03,2026-06-03 10:20:22,1580.0,1705.0,2300.0
BNBC,2026-06-03,2026-06-03 10:35:26,1580.0,1705.0,2311.0
BNBC,2026-06-03,2026-06-03 10:50:23,1580.0,1705.0,2311.0
BNBC,2026-06-03,2026-06-03 11:05:27,1580.0,1705.0,2318.0
BNBC,2026-06-03,2026-06-03 11:20:24,1580.0,1700.0,2323.0
BNBC,2026-06-03,2026-06-03 11:35:23,1580.0,1700.0,3372.0
BNBC,2026-06-03,2026-06-03 11:50:28,1580.0,1705.0,3476.0
BNBC,2026-06-03,2026-06-03 12:05:28,1580.0,1700.0,4370.0
BNBC,2026-06-03,2026-06-03 12:20:26,1580.0,1700.0,4388.0
BNBC,2026-06-03,2026-06-03 12:35:27,1580.0,1705.0,4428.0
BNBC,2026-06-03,2026-06-03 12:50:25,1580.0,1700.0,4467.0
BNBC,2026-06-03,2026-06-03 13:05:28,1580.0,1700.0,5092.0
BNBC,2026-06-03,2026-06-03 13:20:26,1580.0,1700.0,5092.0
BNBC,2026-06-03,2026-06-03 13:23:28,1580.0,1700.0,5092.0
BNBC,2026-06-03,2026-06-03 13:35:29,1580.0,1580.0,5418.0
BNBC,2026-06-03,2026-06-03 13:50:28,1580.0,1580.0,5418.0
BNBC,2026-06-03,2026-06-03 14:05:28,1580.0,1700.0,5421.0
BNBC,2026-06-03,2026-06-03 14:20:31,1580.0,1700.0,5421.0
BNBC,2026-06-03,2026-06-03 14:35:31,1580.0,1700.0,5421.0
BNBC,2026-06-03,2026-06-03 14:50:33,1580.0,1700.0,5421.0
BNBC,2026-06-03,2026-06-03 15:05:32,1580.0,1700.0,5421.0
BNBC,2026-06-04,2026-06-04 09:50:24,0.0,1700.0,0.0
BNBC,2026-06-04,2026-06-04 10:05:21,1600.0,1695.0,59.0
BNBC,2026-06-04,2026-06-04 10:20:27,1600.0,1695.0,59.0
BNBC,2026-06-04,2026-06-04 10:35:26,1600.0,1690.0,80.0
BNBC,2026-06-04,2026-06-04 10:50:27,1600.0,1690.0,80.0
BNBC,2026-06-04,2026-06-04 11:05:24,1600.0,1690.0,80.0
BNBC,2026-06-04,2026-06-04 11:20:26,1600.0,1685.0,90.0
BNBC,2026-06-04,2026-06-04 11:35:23,1600.0,1685.0,90.0
BNBC,2026-06-04,2026-06-04 11:50:22,1600.0,1680.0,91.0
BNBC,2026-06-04,2026-06-04 12:05:25,1600.0,1685.0,131.0
BNBC,2026-06-04,2026-06-04 12:10:10,1600.0,1685.0,131.0
BNBC,2026-06-04,2026-06-04 12:20:28,1600.0,1670.0,241.0
BNBC,2026-06-04,2026-06-04 12:35:27,1600.0,1670.0,271.0
BNBC,2026-06-04,2026-06-04 12:50:24,1600.0,1665.0,277.0
BNBC,2026-06-04,2026-06-04 13:05:26,1600.0,1665.0,277.0
BNBC,2026-06-04,2026-06-04 13:20:30,1600.0,1665.0,277.0
BNBC,2026-06-04,2026-06-04 13:35:30,1600.0,1665.0,277.0
BNBC,2026-06-04,2026-06-04 13:50:27,1600.0,1600.0,548.0
BNBC,2026-06-04,2026-06-04 14:05:32,1600.0,1600.0,548.0
BNBC,2026-06-04,2026-06-04 14:20:30,1600.0,1600.0,548.0
BNBC,2026-06-04,2026-06-04 14:35:25,1600.0,1600.0,548.0
BNBC,2026-06-04,2026-06-04 14:50:27,1600.0,1650.0,558.0
BNBC,2026-06-04,2026-06-04 15:05:35,1600.0,1650.0,558.0
BNBC,2026-06-05,2026-06-05 09:50:22,0.0,1650.0,0.0
BNBC,2026-06-05,2026-06-05 10:05:23,1640.0,1650.0,71.0
BNBC,2026-06-05,2026-06-05 10:20:26,1640.0,1650.0,81.0
BNBC,2026-06-05,2026-06-05 10:35:24,1640.0,1700.0,3934.0
BNBC,2026-06-05,2026-06-05 10:50:24,1640.0,1700.0,3934.0
BNBC,2026-06-05,2026-06-05 11:05:23,1640.0,1695.0,3962.0
BNBC,2026-06-05,2026-06-05 11:20:22,1640.0,1665.0,3982.0
BNBC,2026-06-05,2026-06-05 11:35:27,1640.0,1650.0,4021.0
BNBC,2026-06-05,2026-06-05 11:50:22,1640.0,1650.0,4031.0
BNBC,2026-06-05,2026-06-05 12:05:26,1640.0,1645.0,4181.0
BNBC,2026-06-05,2026-06-05 12:17:26,1640.0,1645.0,4181.0
BNBC,2026-06-05,2026-06-05 12:20:24,1640.0,1645.0,4181.0
BNBC,2026-06-05,2026-06-05 12:35:23,1640.0,1650.0,4267.0
BNBC,2026-06-05,2026-06-05 12:50:25,1640.0,1650.0,4282.0
BNBC,2026-06-05,2026-06-05 13:05:28,1640.0,1650.0,4287.0
BNBC,2026-06-05,2026-06-05 13:20:27,1640.0,1650.0,4293.0
BNBC,2026-06-05,2026-06-05 13:35:26,1640.0,1650.0,4647.0
BNBC,2026-06-05,2026-06-05 13:50:26,1640.0,1600.0,4767.0
BNBC,2026-06-05,2026-06-05 14:05:26,1640.0,1650.0,4822.0
BNBC,2026-06-05,2026-06-05 14:20:29,1640.0,1650.0,4822.0
BNBC,2026-06-05,2026-06-05 14:35:24,1640.0,1650.0,4875.0
BNBC,2026-06-05,2026-06-05 14:50:23,1640.0,1650.0,4875.0
BNBC,2026-06-05,2026-06-05 15:05:26,1640.0,1650.0,4875.0
BNBC,2026-06-08,2026-06-08 09:50:39,1650.0,1650.0,164.0
BNBC,2026-06-08,2026-06-08 10:05:28,1650.0,1680.0,195.0
BNBC,2026-06-08,2026-06-08 10:20:24,1650.0,1680.0,210.0
BNBC,2026-06-08,2026-06-08 10:51:51,1650.0,1570.0,540.0
BNBC,2026-06-08,2026-06-08 11:05:30,1650.0,1680.0,640.0
BNBC,2026-06-08,2026-06-08 11:20:26,1650.0,1680.0,640.0
BNBC,2026-06-08,2026-06-08 11:35:27,1650.0,1675.0,648.0
BNBC,2026-06-08,2026-06-08 11:50:23,1650.0,1675.0,648.0
BNBC,2026-06-08,2026-06-08 12:05:26,1650.0,1675.0,648.0
BNBC,2026-06-08,2026-06-08 12:20:25,1650.0,1675.0,648.0
BNBC,2026-06-08,2026-06-08 12:35:28,1650.0,1675.0,648.0
BNBC,2026-06-08,2026-06-08 12:50:27,1650.0,1675.0,648.0
BNBC,2026-06-08,2026-06-08 13:05:38,1650.0,1675.0,648.0
BNBC,2026-06-08,2026-06-08 13:14:16,1650.0,1675.0,648.0
BNBC,2026-06-08,2026-06-08 13:20:28,1650.0,1675.0,739.0
BNBC,2026-06-08,2026-06-08 13:35:29,1650.0,1675.0,739.0
BNBC,2026-06-08,2026-06-08 13:50:37,1650.0,1675.0,739.0
BNBC,2026-06-08,2026-06-08 14:05:29,1650.0,1675.0,739.0
BNBC,2026-06-08,2026-06-08 14:20:28,1650.0,1675.0,739.0
BNBC,2026-06-08,2026-06-08 14:35:30,1650.0,1675.0,739.0
BNBC,2026-06-08,2026-06-08 14:50:27,1650.0,1675.0,739.0
BNBC,2026-06-08,2026-06-08 15:05:32,1650.0,1675.0,739.0
BNBC,2026-06-09,2026-06-09 09:50:29,0.0,1675.0,0.0
BNBC,2026-06-09,2026-06-09 10:05:28,1700.0,1675.0,120.0
BNBC,2026-06-09,2026-06-09 10:20:22,1700.0,1675.0,120.0
BNBC,2026-06-09,2026-06-09 10:35:29,1700.0,1675.0,120.0
BNBC,2026-06-09,2026-06-09 10:50:22,1700.0,1700.0,188.0
BNBC,2026-06-09,2026-06-09 11:05:27,1700.0,1700.0,288.0
BNBC,2026-06-09,2026-06-09 11:20:26,1700.0,1700.0,289.0
BNBC,2026-06-09,2026-06-09 11:35:24,1700.0,1700.0,389.0
BNBC,2026-06-09,2026-06-09 11:50:22,1700.0,1700.0,389.0
BNBC,2026-06-09,2026-06-09 12:05:27,1700.0,1575.0,1134.0
BNBC,2026-06-09,2026-06-09 12:13:03,1700.0,1575.0,1134.0
BNBC,2026-06-09,2026-06-09 12:20:28,1700.0,1575.0,1134.0
BNBC,2026-06-09,2026-06-09 12:35:28,1700.0,1675.0,1235.0
BNBC,2026-06-09,2026-06-09 12:50:26,1700.0,1675.0,1240.0
BNBC,2026-06-09,2026-06-09 13:05:29,1700.0,1675.0,1241.0
BNBC,2026-06-09,2026-06-09 13:20:24,1700.0,1675.0,1241.0
BNBC,2026-06-09,2026-06-09 13:35:25,1700.0,1675.0,1241.0
BNBC,2026-06-09,2026-06-09 13:50:30,1700.0,1670.0,1243.0
BNBC,2026-06-09,2026-06-09 14:05:25,1700.0,1670.0,1244.0
BNBC,2026-06-09,2026-06-09 14:20:28,1700.0,1670.0,1244.0
BNBC,2026-06-09,2026-06-09 14:35:30,1700.0,1670.0,1244.0
BNBC,2026-06-09,2026-06-09 14:50:30,1700.0,1630.0,1289.0
BNBC,2026-06-09,2026-06-09 15:05:33,1700.0,1630.0,1289.0
BNBC,2026-06-10,2026-06-10 09:50:30,0.0,1630.0,0.0
BNBC,2026-06-10,2026-06-10 10:05:30,1680.0,1650.0,115.0
BNBC,2026-06-10,2026-06-10 10:20:23,1680.0,1680.0,145.0
BNBC,2026-06-10,2026-06-10 10:35:33,1680.0,1680.0,145.0
BNBC,2026-06-10,2026-06-10 10:50:25,1680.0,1680.0,145.0
BNBC,2026-06-10,2026-06-10 11:05:27,1680.0,1680.0,312.0
BNBC,2026-06-10,2026-06-10 11:20:34,1680.0,1750.0,2347.0
BNBC,2026-06-10,2026-06-10 11:35:43,1680.0,1750.0,2347.0
BNBC,2026-06-10,2026-06-10 11:50:27,1680.0,1750.0,2347.0
BNBC,2026-06-10,2026-06-10 12:05:29,1680.0,1750.0,2347.0
BNBC,2026-06-10,2026-06-10 12:20:24,1680.0,1750.0,2723.0
BNBC,2026-06-10,2026-06-10 12:32:00,1680.0,1750.0,3063.0
BNBC,2026-06-10,2026-06-10 12:35:30,1680.0,1750.0,3063.0
BNBC,2026-06-10,2026-06-10 12:50:40,1680.0,1750.0,3365.0
BNBC,2026-06-10,2026-06-10 13:05:32,1680.0,1750.0,3574.0
BNBC,2026-06-10,2026-06-10 13:20:26,1680.0,1700.0,3689.0
BNBC,2026-06-10,2026-06-10 13:35:25,1680.0,1700.0,3744.0
BNBC,2026-06-10,2026-06-10 13:50:42,1680.0,1750.0,3946.0
BNBC,2026-06-10,2026-06-10 14:05:27,1680.0,1750.0,4468.0
BNBC,2026-06-10,2026-06-10 14:20:31,1680.0,1750.0,4468.0
BNBC,2026-06-10,2026-06-10 14:50:26,1680.0,1750.0,4468.0
BNBC,2026-06-10,2026-06-10 15:05:30,1680.0,1750.0,4468.0
BNBC,2026-06-11,2026-06-11 09:50:30,0.0,1750.0,0.0
BNBC,2026-06-11,2026-06-11 10:05:28,1750.0,1750.0,26.0
BNBC,2026-06-11,2026-06-11 10:20:23,1750.0,1750.0,71.0
BNBC,2026-06-11,2026-06-11 10:35:29,1750.0,1775.0,121.0
BNBC,2026-06-11,2026-06-11 10:50:23,1750.0,1775.0,121.0
BNBC,2026-06-11,2026-06-11 11:05:29,1750.0,1775.0,167.0
BNBC,2026-06-11,2026-06-11 11:20:28,1750.0,1775.0,419.0
BNBC,2026-06-11,2026-06-11 11:35:28,1750.0,1775.0,620.0
BNBC,2026-06-11,2026-06-11 11:50:26,1750.0,1800.0,626.0
BNBC,2026-06-11,2026-06-11 12:05:27,1750.0,1780.0,663.0
BNBC,2026-06-11,2026-06-11 12:20:26,1750.0,1780.0,663.0
BNBC,2026-06-11,2026-06-11 12:35:31,1750.0,1800.0,763.0
BNBC,2026-06-11,2026-06-11 12:50:27,1750.0,1800.0,1411.0
BNBC,2026-06-11,2026-06-11 12:52:20,1750.0,1800.0,1411.0
BNBC,2026-06-11,2026-06-11 13:05:33,1750.0,1805.0,1694.0
BNBC,2026-06-11,2026-06-11 13:20:25,1750.0,1805.0,1697.0
BNBC,2026-06-11,2026-06-11 13:35:27,1750.0,1805.0,1719.0
BNBC,2026-06-11,2026-06-11 13:50:31,1750.0,1850.0,1819.0
BNBC,2026-06-11,2026-06-11 14:05:39,1750.0,1850.0,2214.0
BNBC,2026-06-11,2026-06-11 14:21:52,1750.0,1850.0,2214.0
BNBC,2026-06-11,2026-06-11 14:35:26,1750.0,1880.0,2584.0
BNBC,2026-06-11,2026-06-11 14:50:30,1750.0,1880.0,2584.0
BNBC,2026-06-11,2026-06-11 15:05:25,1750.0,1880.0,2584.0
BNBC,2026-06-12,2026-06-12 09:50:26,0.0,1880.0,0.0
BNBC,2026-06-12,2026-06-12 10:05:28,1880.0,1880.0,451.0
BNBC,2026-06-12,2026-06-12 10:20:27,1880.0,1880.0,1124.0
BNBC,2026-06-12,2026-06-12 10:35:23,1880.0,1880.0,1520.0
BNBC,2026-06-12,2026-06-12 10:50:25,1880.0,1880.0,1520.0
BNBC,2026-06-12,2026-06-12 11:05:25,1880.0,1880.0,1520.0
BNBC,2026-06-12,2026-06-12 11:20:25,1880.0,1895.0,1535.0
BNBC,2026-06-12,2026-06-12 11:35:25,1880.0,1880.0,1735.0
BNBC,2026-06-12,2026-06-12 11:50:28,1880.0,1970.0,2070.0
BNBC,2026-06-12,2026-06-12 12:05:22,1880.0,1970.0,2502.0
BNBC,2026-06-12,2026-06-12 12:20:26,1880.0,1970.0,2502.0
BNBC,2026-06-12,2026-06-12 12:25:54,1880.0,1970.0,2502.0
BNBC,2026-06-12,2026-06-12 12:35:37,1880.0,1880.0,2707.0
BNBC,2026-06-12,2026-06-12 12:50:24,1880.0,1880.0,2707.0
BNBC,2026-06-12,2026-06-12 13:05:29,1880.0,1880.0,2717.0
BNBC,2026-06-12,2026-06-12 13:20:28,1880.0,1880.0,2717.0
BNBC,2026-06-12,2026-06-12 13:35:25,1880.0,1840.0,2784.0
BNBC,2026-06-12,2026-06-12 13:50:25,1880.0,1840.0,2804.0
BNBC,2026-06-12,2026-06-12 14:05:27,1880.0,1840.0,2804.0
BNBC,2026-06-12,2026-06-12 14:20:26,1880.0,1840.0,2804.0
BNBC,2026-06-12,2026-06-12 14:35:24,1880.0,1840.0,2804.0
BNBC,2026-06-12,2026-06-12 14:50:28,1880.0,1880.0,2933.0
BNBC,2026-06-12,2026-06-12 15:05:28,1880.0,1880.0,2933.0
BNBC,2026-06-15,2026-06-15 09:50:27,1880.0,1880.0,332.0
BNBC,2026-06-15,2026-06-15 10:05:41,1880.0,1875.0,3459.0
BNBC,2026-06-15,2026-06-15 10:20:35,1880.0,1880.0,3574.0
BNBC,2026-06-15,2026-06-15 10:35:34,1880.0,1880.0,3574.0
BNBC,2026-06-15,2026-06-15 10:50:28,1880.0,1880.0,3604.0
BNBC,2026-06-15,2026-06-15 11:05:28,1880.0,1875.0,3619.0
BNBC,2026-06-15,2026-06-15 11:20:37,1880.0,1875.0,3619.0
BNBC,2026-06-15,2026-06-15 11:35:26,1880.0,1875.0,3619.0
BNBC,2026-06-15,2026-06-15 11:50:31,1880.0,1875.0,3625.0
BNBC,2026-06-15,2026-06-15 12:05:37,1880.0,1850.0,3630.0
BNBC,2026-06-15,2026-06-15 12:20:28,1880.0,1850.0,3630.0
BNBC,2026-06-15,2026-06-15 12:35:40,1880.0,1875.0,3680.0
BNBC,2026-06-15,2026-06-15 12:50:35,1880.0,1880.0,4080.0
BNBC,2026-06-15,2026-06-15 13:05:30,1880.0,1880.0,4083.0
BNBC,2026-06-15,2026-06-15 13:20:44,1880.0,1880.0,4083.0
BNBC,2026-06-15,2026-06-15 13:35:30,1880.0,1880.0,4123.0
BNBC,2026-06-15,2026-06-15 13:50:28,1880.0,1875.0,4134.0
BNBC,2026-06-15,2026-06-15 14:05:27,1880.0,1875.0,4134.0
BNBC,2026-06-15,2026-06-15 14:20:34,1880.0,1875.0,4134.0
BNBC,2026-06-15,2026-06-15 14:35:32,1880.0,1880.0,5230.0
BNBC,2026-06-15,2026-06-15 14:50:30,1880.0,1880.0,5230.0
BNBC,2026-06-15,2026-06-15 15:05:35,1880.0,1880.0,5230.0
BNBC,2026-06-16,2026-06-16 09:50:26,0.0,1880.0,0.0
BNBC,2026-06-16,2026-06-16 10:05:34,1880.0,1900.0,1563.0
BNBC,2026-06-16,2026-06-16 10:20:29,1880.0,1900.0,1563.0
BNBC,2026-06-16,2026-06-16 10:35:38,1880.0,1965.0,1582.0
BNBC,2026-06-16,2026-06-16 10:50:33,1880.0,1990.0,4037.0
BNBC,2026-06-16,2026-06-16 11:05:32,1880.0,1950.0,4654.0
BNBC,2026-06-16,2026-06-16 11:20:35,1880.0,1900.0,4924.0
BNBC,2026-06-16,2026-06-16 11:35:27,1880.0,1900.0,4934.0
BNBC,2026-06-16,2026-06-16 11:50:28,1880.0,1880.0,5482.0
BNBC,2026-06-16,2026-06-16 12:05:32,1880.0,1880.0,5482.0
BNBC,2026-06-16,2026-06-16 12:20:31,1880.0,1880.0,5482.0
BNBC,2026-06-16,2026-06-16 12:35:31,1880.0,1880.0,5482.0
BNBC,2026-06-16,2026-06-16 12:50:36,1880.0,1900.0,5502.0
BNBC,2026-06-16,2026-06-16 13:05:29,1880.0,1900.0,5502.0
BNBC,2026-06-16,2026-06-16 13:20:39,1880.0,1900.0,5502.0
BNBC,2026-06-16,2026-06-16 13:35:41,1880.0,1900.0,5812.0
BNBC,2026-06-16,2026-06-16 13:50:30,1880.0,1880.0,5817.0
BNBC,2026-06-16,2026-06-16 14:05:38,1880.0,1880.0,5817.0
BNBC,2026-06-16,2026-06-16 14:20:31,1880.0,1880.0,5817.0
BNBC,2026-06-16,2026-06-16 14:23:11,1880.0,1880.0,5817.0
BNBC,2026-06-16,2026-06-16 14:35:26,1880.0,1900.0,6418.0
BNBC,2026-06-16,2026-06-16 14:50:45,1880.0,1900.0,6418.0
BNBC,2026-06-16,2026-06-16 15:05:33,1880.0,1900.0,6418.0
BNBC,2026-06-17,2026-06-17 09:50:28,0.0,1900.0,0.0
BNBC,2026-06-17,2026-06-17 10:05:34,1950.0,1950.0,531.0
BNBC,2026-06-17,2026-06-17 10:20:27,1950.0,1950.0,531.0
BNBC,2026-06-17,2026-06-17 10:35:38,1950.0,1990.0,634.0
BNBC,2026-06-17,2026-06-17 10:50:36,1950.0,1990.0,654.0
BNBC,2026-06-17,2026-06-17 11:05:27,1950.0,1990.0,759.0
BNBC,2026-06-17,2026-06-17 11:20:35,1950.0,1960.0,771.0
BNBC,2026-06-17,2026-06-17 11:35:27,1950.0,1950.0,1106.0
BNBC,2026-06-17,2026-06-17 11:50:39,1950.0,1990.0,1116.0
BNBC,2026-06-17,2026-06-17 12:05:35,1950.0,1990.0,1116.0
BNBC,2026-06-17,2026-06-17 12:20:27,1950.0,1990.0,1737.0
BNBC,2026-06-17,2026-06-17 12:35:36,1950.0,1990.0,1790.0
BNBC,2026-06-17,2026-06-17 12:50:33,1950.0,1990.0,1806.0
BNBC,2026-06-17,2026-06-17 12:56:03,1950.0,1990.0,1806.0
BNBC,2026-06-17,2026-06-17 13:05:36,1950.0,1980.0,1894.0
BNBC,2026-06-17,2026-06-17 13:20:45,1950.0,1980.0,1920.0
BNBC,2026-06-17,2026-06-17 13:35:29,1950.0,1980.0,1935.0
BNBC,2026-06-17,2026-06-17 13:50:41,1950.0,1980.0,1984.0
BNBC,2026-06-17,2026-06-17 14:05:34,1950.0,1980.0,2009.0
BNBC,2026-06-17,2026-06-17 14:20:31,1950.0,1980.0,2009.0
BNBC,2026-06-17,2026-06-17 14:35:29,1950.0,1960.0,2621.0
BNBC,2026-06-17,2026-06-17 14:50:38,1950.0,1960.0,2621.0
BNBC,2026-06-17,2026-06-17 15:05:29,1950.0,1960.0,2621.0
BNBC,2026-06-18,2026-06-18 09:50:36,1990.0,1990.0,100.0
BNBC,2026-06-18,2026-06-18 10:05:31,1990.0,1960.0,4010.0
BNBC,2026-06-18,2026-06-18 10:20:26,1990.0,1960.0,4010.0
BNBC,2026-06-18,2026-06-18 10:35:28,1990.0,1960.0,4055.0
BNBC,2026-06-18,2026-06-18 10:50:30,1990.0,1960.0,4115.0
BNBC,2026-06-18,2026-06-18 11:05:30,1990.0,1960.0,4162.0
BNBC,2026-06-18,2026-06-18 11:20:33,1990.0,1960.0,4162.0
BNBC,2026-06-18,2026-06-18 11:35:30,1990.0,1960.0,4162.0
BNBC,2026-06-18,2026-06-18 11:50:39,1990.0,1990.0,7288.0
BNBC,2026-06-18,2026-06-18 12:05:37,1990.0,1995.0,7800.0
BNBC,2026-06-18,2026-06-18 12:20:28,1990.0,2000.0,7900.0
BNBC,2026-06-18,2026-06-18 12:30:45,1990.0,2000.0,8115.0
BNBC,2026-06-18,2026-06-18 12:35:34,1990.0,2000.0,8115.0
BNBC,2026-06-18,2026-06-18 12:50:33,1990.0,2000.0,8155.0
BNBC,2026-06-18,2026-06-18 13:05:30,1990.0,1990.0,8178.0
BNBC,2026-06-18,2026-06-18 13:20:34,1990.0,1990.0,8178.0
BNBC,2026-06-18,2026-06-18 13:35:29,1990.0,1990.0,8317.0
BNBC,2026-06-18,2026-06-18 13:50:36,1990.0,2000.0,8340.0
BNBC,2026-06-18,2026-06-18 14:05:26,1990.0,2000.0,11922.0
BNBC,2026-06-18,2026-06-18 14:20:32,1990.0,2000.0,11922.0
BNBC,2026-06-18,2026-06-18 14:35:31,1990.0,2015.0,12000.0
BNBC,2026-06-18,2026-06-18 14:50:29,1990.0,2015.0,12000.0
BNBC,2026-06-18,2026-06-18 15:05:36,1990.0,2015.0,12000.0
BNBC,2026-06-19,2026-06-19 09:50:34,2050.0,2015.0,263.0
BNBC,2026-06-19,2026-06-19 10:05:25,2050.0,2165.0,2707.0
BNBC,2026-06-19,2026-06-19 10:20:26,2050.0,2165.0,2812.0
BNBC,2026-06-19,2026-06-19 10:35:25,2050.0,2165.0,3110.0
BNBC,2026-06-19,2026-06-19 10:50:26,2050.0,2165.0,3110.0
BNBC,2026-06-19,2026-06-19 11:05:27,2050.0,2165.0,3110.0
BNBC,2026-06-19,2026-06-19 11:20:26,2050.0,2155.0,3310.0
BNBC,2026-06-19,2026-06-19 11:35:24,2050.0,2160.0,3354.0
BNBC,2026-06-19,2026-06-19 11:50:25,2050.0,2100.0,3356.0
BNBC,2026-06-19,2026-06-19 12:05:28,2050.0,2100.0,3356.0
BNBC,2026-06-19,2026-06-19 12:20:27,2050.0,2100.0,3360.0
BNBC,2026-06-19,2026-06-19 12:35:29,2050.0,2105.0,3481.0
BNBC,2026-06-19,2026-06-19 12:50:24,2050.0,2110.0,3485.0
BNBC,2026-06-19,2026-06-19 12:52:44,2050.0,2110.0,3485.0
BNBC,2026-06-19,2026-06-19 13:05:25,2050.0,2110.0,3585.0
BNBC,2026-06-19,2026-06-19 13:20:26,2050.0,2105.0,4949.0
BNBC,2026-06-19,2026-06-19 13:35:24,2050.0,2105.0,5020.0
BNBC,2026-06-19,2026-06-19 13:50:25,2050.0,2105.0,5041.0
BNBC,2026-06-19,2026-06-19 14:05:26,2050.0,2100.0,5355.0
BNBC,2026-06-19,2026-06-19 14:20:27,2050.0,2100.0,5355.0
BNBC,2026-06-19,2026-06-19 14:35:25,2050.0,2100.0,5355.0
BNBC,2026-06-19,2026-06-19 14:50:26,2050.0,2100.0,6491.0
BNBC,2026-06-19,2026-06-19 15:05:26,2050.0,2100.0,6491.0
BNBC,2026-06-22,2026-06-22 09:50:28,2100.0,2105.0,393.0
BNBC,2026-06-22,2026-06-22 10:05:32,2100.0,2105.0,396.0
BNBC,2026-06-22,2026-06-22 10:20:25,2100.0,2105.0,405.0
BNBC,2026-06-22,2026-06-22 10:35:28,2100.0,2095.0,983.0
BNBC,2026-06-22,2026-06-22 10:50:28,2100.0,2095.0,1089.0
BNBC,2026-06-22,2026-06-22 11:05:28,2100.0,2100.0,1104.0
BNBC,2026-06-22,2026-06-22 11:20:31,2100.0,2100.0,1104.0
BNBC,2026-06-22,2026-06-22 11:35:28,2100.0,2070.0,1212.0
BNBC,2026-06-22,2026-06-22 11:50:29,2100.0,2070.0,1212.0
BNBC,2026-06-22,2026-06-22 12:05:29,2100.0,2040.0,2128.0
BNBC,2026-06-22,2026-06-22 12:20:30,2100.0,2005.0,2138.0
BNBC,2026-06-22,2026-06-22 12:35:36,2100.0,2005.0,2138.0
BNBC,2026-06-22,2026-06-22 12:50:27,2100.0,2000.0,3374.0
BNBC,2026-06-22,2026-06-22 13:05:28,2100.0,1990.0,3814.0
BNBC,2026-06-22,2026-06-22 13:20:32,2100.0,1990.0,3814.0
BNBC,2026-06-22,2026-06-22 13:35:29,2100.0,2000.0,3919.0
BNBC,2026-06-22,2026-06-22 13:50:33,2100.0,2000.0,4020.0
BNBC,2026-06-22,2026-06-22 14:05:30,2100.0,2060.0,4376.0
BNBC,2026-06-22,2026-06-22 14:21:09,2100.0,2060.0,4376.0
BNBC,2026-06-22,2026-06-22 14:35:31,2100.0,2060.0,4376.0
BNBC,2026-06-22,2026-06-22 14:49:23,2100.0,1990.0,4752.0
BNBC,2026-06-22,2026-06-22 14:50:33,2100.0,1990.0,4752.0
BNBC,2026-06-22,2026-06-22 15:05:33,2100.0,1990.0,4752.0
BNBC,2026-06-23,2026-06-23 09:50:26,0.0,1990.0,0.0
BNBC,2026-06-23,2026-06-23 10:05:30,0.0,1990.0,0.0
BNBC,2026-06-23,2026-06-23 10:20:39,1990.0,1995.0,522.0
BNBC,2026-06-23,2026-06-23 10:35:26,1990.0,1990.0,3222.0
BNBC,2026-06-23,2026-06-23 10:50:36,1990.0,1990.0,3222.0
BNBC,2026-06-23,2026-06-23 11:05:29,1990.0,1990.0,3222.0
BNBC,2026-06-23,2026-06-23 11:20:28,1990.0,1995.0,3230.0
BNBC,2026-06-23,2026-06-23 11:35:25,1990.0,1990.0,3496.0
BNBC,2026-06-23,2026-06-23 11:50:29,1990.0,1990.0,3540.0
BNBC,2026-06-23,2026-06-23 12:05:30,1990.0,1990.0,3540.0
BNBC,2026-06-23,2026-06-23 12:12:52,1990.0,1990.0,3540.0
BNBC,2026-06-23,2026-06-23 12:20:31,1990.0,1990.0,3540.0
BNBC,2026-06-23,2026-06-23 12:35:36,1990.0,1990.0,3593.0
BNBC,2026-06-23,2026-06-23 12:50:28,1990.0,1990.0,3594.0
BNBC,2026-06-23,2026-06-23 13:05:30,1990.0,1985.0,3641.0
BNBC,2026-06-23,2026-06-23 13:20:29,1990.0,1990.0,4177.0
BNBC,2026-06-23,2026-06-23 13:35:37,1990.0,1980.0,4217.0
BNBC,2026-06-23,2026-06-23 13:50:30,1990.0,1980.0,4217.0
BNBC,2026-06-23,2026-06-23 14:05:33,1990.0,1980.0,4217.0
BNBC,2026-06-23,2026-06-23 14:20:34,1990.0,1980.0,4217.0
BNBC,2026-06-23,2026-06-23 14:35:29,1990.0,1980.0,4217.0
BNBC,2026-06-23,2026-06-23 14:50:26,1990.0,1990.0,4227.0
BNBC,2026-06-23,2026-06-23 15:05:33,1990.0,1990.0,4227.0
BNBC,2026-06-24,2026-06-24 09:50:27,0.0,1990.0,0.0
BNBC,2026-06-24,2026-06-24 10:05:27,1990.0,1990.0,403.0
BNBC,2026-06-24,2026-06-24 10:20:35,1990.0,1990.0,403.0
BNBC,2026-06-24,2026-06-24 10:35:31,1990.0,1990.0,439.0
BNBC,2026-06-24,2026-06-24 10:50:25,1990.0,1990.0,456.0
BNBC,2026-06-24,2026-06-24 11:05:24,1990.0,1990.0,456.0
BNBC,2026-06-24,2026-06-24 11:20:26,1990.0,1990.0,616.0
BNBC,2026-06-24,2026-06-24 11:35:28,1990.0,1980.0,617.0
BNBC,2026-06-24,2026-06-24 11:50:25,1990.0,1980.0,707.0
BNBC,2026-06-24,2026-06-24 11:52:09,1990.0,1980.0,707.0
BNBC,2026-06-24,2026-06-24 12:05:29,1990.0,1980.0,707.0
BNBC,2026-06-24,2026-06-24 12:20:27,1990.0,1980.0,806.0
BNBC,2026-06-24,2026-06-24 12:35:25,1990.0,1980.0,1379.0
BNBC,2026-06-24,2026-06-24 12:50:28,1990.0,1980.0,1434.0
BNBC,2026-06-24,2026-06-24 13:05:37,1990.0,1980.0,1465.0
BNBC,2026-06-24,2026-06-24 13:20:28,1990.0,1980.0,1471.0
BNBC,2026-06-24,2026-06-24 13:35:33,1990.0,1980.0,1471.0
BNBC,2026-06-24,2026-06-24 13:50:29,1990.0,1980.0,1477.0
BNBC,2026-06-24,2026-06-24 14:05:28,1990.0,1965.0,1495.0
BNBC,2026-06-24,2026-06-24 14:20:28,1990.0,1965.0,1495.0
BNBC,2026-06-24,2026-06-24 14:35:27,1990.0,1965.0,1504.0
BNBC,2026-06-24,2026-06-24 14:49:53,1990.0,1965.0,1504.0
BNBC,2026-06-24,2026-06-24 14:50:27,1990.0,1965.0,1504.0
BNBC,2026-06-24,2026-06-24 15:05:31,1990.0,1965.0,1504.0
BNBC,2026-06-25,2026-06-25 09:50:27,0.0,1965.0,0.0
BNBC,2026-06-25,2026-06-25 10:05:31,1985.0,1985.0,152.0
BNBC,2026-06-25,2026-06-25 10:20:29,1985.0,1985.0,172.0
BNBC,2026-06-25,2026-06-25 10:35:29,1985.0,1985.0,176.0
BNBC,2026-06-25,2026-06-25 10:50:26,1985.0,1985.0,455.0
BNBC,2026-06-25,2026-06-25 11:05:27,1985.0,1985.0,455.0
BNBC,2026-06-25,2026-06-25 11:20:29,1985.0,1985.0,462.0
BNBC,2026-06-25,2026-06-25 11:35:29,1985.0,1980.0,473.0
BNBC,2026-06-25,2026-06-25 11:47:01,1985.0,1980.0,503.0
BNBC,2026-06-25,2026-06-25 11:50:31,1985.0,1980.0,503.0
BNBC,2026-06-25,2026-06-25 12:05:32,1985.0,1980.0,503.0
BNBC,2026-06-25,2026-06-25 12:20:29,1985.0,1990.0,562.0
BNBC,2026-06-25,2026-06-25 12:35:34,1985.0,1990.0,562.0
BNBC,2026-06-25,2026-06-25 12:50:28,1985.0,1990.0,562.0
BNBC,2026-06-25,2026-06-25 13:05:32,1985.0,1990.0,627.0
BNBC,2026-06-26,2026-06-26 10:50:21,1990.0,1980.0,853.0
BNBC,2026-06-26,2026-06-26 11:05:30,1990.0,1980.0,853.0
BNBC,2026-06-26,2026-06-26 11:48:44,1990.0,1990.0,1080.0
BNBC,2026-06-26,2026-06-26 11:50:25,1990.0,1990.0,1080.0
BNBC,2026-06-26,2026-06-26 12:05:25,1990.0,1985.0,1281.0
BNBC,2026-06-26,2026-06-26 12:50:25,1990.0,1990.0,1431.0
BNBC,2026-06-26,2026-06-26 13:05:25,1990.0,1990.0,1431.0
BNBC,2026-06-26,2026-06-26 13:37:08,1990.0,1990.0,1573.0
BNBC,2026-06-26,2026-06-26 13:50:24,1990.0,1990.0,1573.0
BNBC,2026-06-26,2026-06-26 13:51:54,1990.0,1990.0,1573.0
BNBC,2026-06-26,2026-06-26 14:05:29,1990.0,1965.0,1598.0
BNBC,2026-06-26,2026-06-26 14:50:21,1990.0,1965.0,1628.0
BNBC,2026-06-26,2026-06-26 15:05:30,1990.0,1965.0,1662.0
BNBC,2026-06-29,2026-06-29 09:50:26,2000.0,2000.0,170.0
BNBC,2026-06-29,2026-06-29 10:05:48,2000.0,2000.0,170.0
BNBC,2026-06-29,2026-06-29 10:20:24,2000.0,2000.0,395.0
BNBC,2026-06-29,2026-06-29 10:35:39,2000.0,2000.0,594.0
BNBC,2026-06-29,2026-06-29 10:50:25,2000.0,2000.0,1098.0
BNBC,2026-06-29,2026-06-29 11:05:28,2000.0,2000.0,1098.0
BNBC,2026-06-29,2026-06-29 11:20:25,2000.0,1985.0,1138.0
BNBC,2026-06-29,2026-06-29 11:35:22,2000.0,1985.0,1138.0
BNBC,2026-06-29,2026-06-29 11:50:27,2000.0,1985.0,1138.0
BNBC,2026-06-29,2026-06-29 12:05:21,2000.0,1985.0,1138.0
BNBC,2026-06-29,2026-06-29 12:20:28,2000.0,1985.0,1189.0
BNBC,2026-06-29,2026-06-29 13:05:25,2000.0,1985.0,1286.0
BNBC,2026-06-29,2026-06-29 13:14:24,2000.0,1985.0,1286.0
BNBC,2026-06-29,2026-06-29 13:20:26,2000.0,2000.0,1319.0
BNBC,2026-06-29,2026-06-29 13:35:22,2000.0,1985.0,1354.0
BNBC,2026-06-29,2026-06-29 13:50:33,2000.0,1985.0,1354.0
BNBC,2026-06-29,2026-06-29 14:05:24,2000.0,1985.0,1354.0
BNBC,2026-06-29,2026-06-29 14:20:27,2000.0,1985.0,1354.0
BNBC,2026-06-29,2026-06-29 14:35:26,2000.0,1985.0,1602.0
BNBC,2026-06-29,2026-06-29 14:50:25,2000.0,1985.0,1602.0
BNBC,2026-06-29,2026-06-29 15:05:31,2000.0,1985.0,1602.0
BNBC,2026-06-30,2026-06-30 10:06:24,2000.0,1985.0,1602.0
BNBC,2026-06-30,2026-06-30 10:20:31,1985.0,1965.0,94.0
BNBC,2026-06-30,2026-06-30 10:35:29,1985.0,1965.0,97.0
BNBC,2026-06-30,2026-06-30 10:50:31,1985.0,1965.0,1625.0
BNBC,2026-06-30,2026-06-30 11:05:24,1985.0,1965.0,1625.0
BNBC,2026-06-30,2026-06-30 11:20:30,1985.0,1995.0,2858.0
BNBC,2026-06-30,2026-06-30 11:35:25,1985.0,2000.0,3192.0
BNBC,2026-06-30,2026-06-30 11:49:10,1985.0,2000.0,3192.0
BNBC,2026-06-30,2026-06-30 11:50:35,1985.0,2000.0,3192.0
BNBC,2026-06-30,2026-06-30 12:05:27,1985.0,2000.0,3192.0
BNBC,2026-06-30,2026-06-30 12:20:42,1985.0,2000.0,3192.0
BNBC,2026-06-30,2026-06-30 12:35:23,1985.0,2000.0,3281.0
BNBC,2026-06-30,2026-06-30 12:50:33,1985.0,2000.0,3331.0
BNBC,2026-06-30,2026-06-30 13:05:25,1985.0,2000.0,3332.0
BNBC,2026-06-30,2026-06-30 13:20:33,1985.0,2000.0,3363.0
BNBC,2026-06-30,2026-06-30 13:33:44,1985.0,2000.0,3363.0
BNBC,2026-06-30,2026-06-30 13:35:24,1985.0,2000.0,3363.0
BNBC,2026-06-30,2026-06-30 13:50:43,1985.0,2000.0,3373.0
BNBC,2026-06-30,2026-06-30 14:05:25,1985.0,1995.0,3377.0
BNBC,2026-06-30,2026-06-30 14:20:33,1985.0,1995.0,3377.0
BNBC,2026-06-30,2026-06-30 14:35:56,1985.0,1995.0,3377.0
BNBC,2026-06-30,2026-06-30 14:50:36,1985.0,1985.0,3477.0
BNBC,2026-06-30,2026-06-30 15:05:23,1985.0,1985.0,3477.0
BNBC,2026-07-01,2026-07-01 10:05:40,1995.0,1995.0,85.0
BNBC,2026-07-01,2026-07-01 10:20:33,1995.0,1995.0,94.0
BNBC,2026-07-01,2026-07-01 10:35:33,1995.0,1995.0,114.0
BNBC,2026-07-01,2026-07-01 10:50:34,1995.0,1995.0,117.0
BNBC,2026-07-01,2026-07-01 11:05:23,1995.0,1995.0,117.0
BNBC,2026-07-01,2026-07-01 11:20:34,1995.0,1995.0,117.0
BNBC,2026-07-01,2026-07-01 11:35:28,1995.0,1995.0,122.0
BNBC,2026-07-01,2026-07-01 11:50:35,1995.0,1990.0,232.0
BNBC,2026-07-01,2026-07-01 12:05:25,1995.0,1990.0,232.0
BNBC,2026-07-01,2026-07-01 12:14:13,1995.0,1990.0,232.0
BNBC,2026-07-01,2026-07-01 12:20:37,1995.0,1990.0,232.0
BNBC,2026-07-01,2026-07-01 12:35:28,1995.0,1990.0,345.0
BNBC,2026-07-01,2026-07-01 12:50:32,1995.0,1990.0,345.0
BNBC,2026-07-01,2026-07-01 13:05:25,1995.0,1985.0,380.0
BNBC,2026-07-01,2026-07-01 13:20:36,1995.0,1985.0,384.0
BNBC,2026-07-01,2026-07-01 13:35:23,1995.0,1985.0,485.0
BNBC,2026-07-01,2026-07-01 13:50:39,1995.0,1985.0,485.0
BNBC,2026-07-01,2026-07-01 14:05:38,1995.0,1985.0,486.0
BNBC,2026-07-01,2026-07-01 14:20:36,1995.0,1985.0,486.0
BNBC,2026-07-01,2026-07-01 14:35:31,1995.0,1985.0,945.0
BNBC,2026-07-01,2026-07-01 14:50:34,1995.0,1985.0,945.0
BNBC,2026-07-01,2026-07-01 15:05:25,1995.0,1985.0,945.0
BNBC,2026-07-02,2026-07-02 09:50:35,0.0,1985.0,0.0
BNBC,2026-07-02,2026-07-02 10:05:22,1985.0,1980.0,569.0
BNBC,2026-07-02,2026-07-02 10:20:34,1985.0,1980.0,1708.0
BNBC,2026-07-02,2026-07-02 10:35:20,1985.0,1980.0,1763.0
BNBC,2026-07-02,2026-07-02 10:50:35,1985.0,1905.0,1764.0
BNBC,2026-07-02,2026-07-02 11:05:24,1985.0,1970.0,1799.0
BNBC,2026-07-02,2026-07-02 11:35:24,1985.0,1985.0,3016.0
BNBC,2026-07-02,2026-07-02 11:40:37,1985.0,1985.0,3016.0
BNBC,2026-07-02,2026-07-02 11:50:35,1985.0,1985.0,3017.0
BNBC,2026-07-02,2026-07-02 12:05:22,1985.0,1985.0,3017.0
BNBC,2026-07-02,2026-07-02 12:20:38,1985.0,1985.0,3029.0
BNBC,2026-07-02,2026-07-02 12:35:23,1985.0,1950.0,3034.0
BNBC,2026-07-02,2026-07-02 12:50:38,1985.0,1985.0,3035.0
BNBC,2026-07-02,2026-07-02 13:05:25,1985.0,1985.0,3035.0
BNBC,2026-07-02,2026-07-02 13:20:42,1985.0,1985.0,3035.0
BNBC,2026-07-02,2026-07-02 13:21:45,1985.0,1985.0,3035.0
BNBC,2026-07-02,2026-07-02 13:35:23,1985.0,1985.0,3060.0
BNBC,2026-07-02,2026-07-02 13:50:37,1985.0,1985.0,3060.0
BNBC,2026-07-02,2026-07-02 14:05:24,1985.0,1985.0,3100.0
BNBC,2026-07-02,2026-07-02 14:20:37,1985.0,1985.0,3100.0
BNBC,2026-07-02,2026-07-02 14:35:23,1985.0,1985.0,3100.0
BNBC,2026-07-02,2026-07-02 14:52:14,1985.0,1985.0,3107.0
BNBC,2026-07-02,2026-07-02 15:05:26,1985.0,1985.0,3107.0
BNBC,2026-07-03,2026-07-03 09:50:36,0.0,1985.0,0.0
BNBC,2026-07-03,2026-07-03 10:05:30,1985.0,1985.0,566.0
BNBC,2026-07-03,2026-07-03 10:20:34,1985.0,1985.0,566.0
BNBC,2026-07-03,2026-07-03 10:35:22,1985.0,1985.0,625.0
BNBC,2026-07-03,2026-07-03 10:50:35,1985.0,1985.0,675.0
BNBC,2026-07-03,2026-07-03 11:05:22,1985.0,1985.0,675.0
BNBC,2026-07-03,2026-07-03 11:20:36,1985.0,1990.0,1015.0
BNBC,2026-07-03,2026-07-03 11:35:25,1985.0,1990.0,1015.0
BNBC,2026-07-03,2026-07-03 11:39:19,1985.0,1990.0,1015.0
BNBC,2026-07-03,2026-07-03 11:50:37,1985.0,1990.0,1085.0
BNBC,2026-07-03,2026-07-03 12:05:26,1985.0,2000.0,1103.0
BNBC,2026-07-03,2026-07-03 12:20:39,1985.0,2000.0,1103.0
BNBC,2026-07-03,2026-07-03 12:35:22,1985.0,2000.0,1109.0
BNBC,2026-07-03,2026-07-03 12:50:38,1985.0,2000.0,1109.0
BNBC,2026-07-03,2026-07-03 13:05:23,1985.0,2000.0,1141.0
BNBC,2026-07-03,2026-07-03 13:20:35,1985.0,2000.0,1141.0
BNBC,2026-07-03,2026-07-03 13:24:12,1985.0,2000.0,1141.0
BNBC,2026-07-03,2026-07-03 13:35:22,1985.0,2000.0,1141.0
BNBC,2026-07-03,2026-07-03 13:50:39,1985.0,2000.0,1141.0
BNBC,2026-07-03,2026-07-03 14:05:26,1985.0,2000.0,1141.0
BNBC,2026-07-03,2026-07-03 14:20:46,1985.0,2000.0,1141.0
BNBC,2026-07-03,2026-07-03 14:35:25,1985.0,2000.0,1176.0
BNBC,2026-07-03,2026-07-03 14:50:43,1985.0,2000.0,1176.0
BNBC,2026-07-03,2026-07-03 15:05:25,1985.0,2000.0,1176.0
BNBC,2026-07-06,2026-07-06 09:51:04,0.0,2000.0,0.0
BNBC,2026-07-06,2026-07-06 10:05:28,2000.0,2000.0,322.0
BNBC,2026-07-06,2026-07-06 10:20:49,2000.0,2000.0,322.0
BNBC,2026-07-06,2026-07-06 10:35:24,2000.0,2000.0,322.0
BNBC,2026-07-06,2026-07-06 10:50:46,2000.0,1990.0,328.0
BNBC,2026-07-06,2026-07-06 11:05:26,2000.0,1990.0,328.0
BNBC,2026-07-06,2026-07-06 11:20:50,2000.0,1990.0,358.0
BNBC,2026-07-06,2026-07-06 11:35:23,2000.0,1990.0,358.0
BNBC,2026-07-06,2026-07-06 11:50:55,2000.0,1990.0,398.0
BNBC,2026-07-06,2026-07-06 12:05:27,2000.0,1990.0,398.0
BNBC,2026-07-06,2026-07-06 12:20:52,2000.0,1980.0,458.0
BNBC,2026-07-06,2026-07-06 12:35:48,2000.0,1960.0,558.0
BNBC,2026-07-06,2026-07-06 12:50:46,2000.0,1960.0,558.0
BNBC,2026-07-06,2026-07-06 12:56:02,2000.0,1960.0,558.0
BNBC,2026-07-06,2026-07-06 13:05:24,2000.0,1960.0,648.0
BNBC,2026-07-06,2026-07-06 13:20:46,2000.0,1960.0,648.0
BNBC,2026-07-06,2026-07-06 13:35:31,2000.0,1980.0,650.0
BNBC,2026-07-06,2026-07-06 13:50:53,2000.0,1980.0,650.0
BNBC,2026-07-06,2026-07-06 14:05:35,2000.0,1980.0,650.0
BNBC,2026-07-06,2026-07-06 14:20:48,2000.0,1980.0,650.0
BNBC,2026-07-06,2026-07-06 14:36:13,2000.0,1980.0,650.0
BNBC,2026-07-06,2026-07-06 14:50:46,2000.0,1990.0,675.0
BNBC,2026-07-06,2026-07-06 15:05:32,2000.0,1990.0,675.0
BNBC,2026-07-07,2026-07-07 09:50:45,0.0,1990.0,0.0
BNBC,2026-07-07,2026-07-07 10:05:35,0.0,1990.0,0.0
BNBC,2026-07-07,2026-07-07 10:20:46,1990.0,1975.0,155.0
BNBC,2026-07-07,2026-07-07 10:35:22,1990.0,1985.0,187.0
BNBC,2026-07-07,2026-07-07 10:50:45,1990.0,1960.0,291.0
BNBC,2026-07-07,2026-07-07 11:05:23,1990.0,1985.0,352.0
BNBC,2026-07-07,2026-07-07 11:20:45,1990.0,1985.0,352.0
BNBC,2026-07-07,2026-07-07 11:35:32,1990.0,1990.0,377.0
BNBC,2026-07-07,2026-07-07 11:50:50,1990.0,1990.0,377.0
BNBC,2026-07-07,2026-07-07 12:06:22,1990.0,1985.0,423.0
BNBC,2026-07-07,2026-07-07 12:20:54,1990.0,1985.0,426.0
BNBC,2026-07-07,2026-07-07 12:35:25,1990.0,1965.0,428.0
BNBC,2026-07-07,2026-07-07 12:50:46,1990.0,1965.0,428.0
BNBC,2026-07-07,2026-07-07 13:05:24,1990.0,1965.0,458.0
BNBC,2026-07-07,2026-07-07 13:20:52,1990.0,1965.0,458.0
BNBC,2026-07-07,2026-07-07 13:35:26,1990.0,1950.0,1422.0
BNBC,2026-07-07,2026-07-07 13:50:52,1990.0,1950.0,1427.0
BNBC,2026-07-07,2026-07-07 14:05:29,1990.0,1960.0,1522.0
BNBC,2026-07-07,2026-07-07 14:20:52,1990.0,1960.0,1522.0
BNBC,2026-07-07,2026-07-07 14:35:25,1990.0,1960.0,1522.0
BNBC,2026-07-07,2026-07-07 14:50:48,1990.0,1960.0,1522.0
BNBC,2026-07-08,2026-07-08 09:50:45,0.0,1960.0,0.0
BNBC,2026-07-08,2026-07-08 10:05:28,1960.0,1960.0,7.0
BNBC,2026-07-08,2026-07-08 10:20:48,1960.0,1955.0,298.0
BNBC,2026-07-08,2026-07-08 10:35:24,1960.0,1960.0,310.0
BNBC,2026-07-08,2026-07-08 10:50:47,1960.0,1960.0,348.0
BNBC,2026-07-08,2026-07-08 11:05:23,1960.0,1960.0,1532.0
BNBC,2026-07-08,2026-07-08 11:10:34,1960.0,1960.0,1532.0
BNBC,2026-07-08,2026-07-08 11:20:46,1960.0,1960.0,1532.0
BNBC,2026-07-08,2026-07-08 11:35:24,1960.0,1960.0,1532.0
BNBC,2026-07-08,2026-07-08 11:50:47,1960.0,1980.0,1533.0
BNBC,2026-07-08,2026-07-08 12:05:26,1960.0,1980.0,1533.0
BNBC,2026-07-08,2026-07-08 12:20:50,1960.0,1980.0,1556.0
BNBC,2026-07-08,2026-07-08 12:35:26,1960.0,1980.0,1556.0
BNBC,2026-07-08,2026-07-08 12:50:51,1960.0,1960.0,1956.0
BNBC,2026-07-08,2026-07-08 12:53:43,1960.0,1960.0,1956.0
BNBC,2026-07-08,2026-07-08 13:05:41,1960.0,1960.0,1996.0
BNBC,2026-07-08,2026-07-08 13:20:49,1960.0,1960.0,2111.0
BNBC,2026-07-08,2026-07-08 13:35:52,1960.0,1960.0,2233.0
BNBC,2026-07-08,2026-07-08 13:50:50,1960.0,1960.0,2750.0
BNBC,2026-07-08,2026-07-08 14:05:24,1960.0,1950.0,2976.0
BNBC,2026-07-08,2026-07-08 14:20:49,1960.0,1950.0,2976.0
BNBC,2026-07-08,2026-07-08 14:35:27,1960.0,1950.0,3166.0
BNBC,2026-07-08,2026-07-08 14:50:49,1960.0,1950.0,3166.0
BNBC,2026-07-08,2026-07-08 15:05:26,1960.0,1950.0,3166.0
BNBC,2026-07-09,2026-07-09 09:55:55,0.0,1950.0,0.0
BNBC,2026-07-09,2026-07-09 10:05:34,1805.0,1805.0,204.0
BNBC,2026-07-09,2026-07-09 10:20:53,1805.0,1810.0,240.0
BNBC,2026-07-09,2026-07-09 10:35:26,1805.0,1810.0,240.0
BNBC,2026-07-09,2026-07-09 10:55:51,1805.0,1920.0,690.0
BNBC,2026-07-09,2026-07-09 11:10:25,1805.0,1920.0,693.0
BNBC,2026-07-09,2026-07-09 11:25:57,1805.0,1920.0,693.0
BNBC,2026-07-09,2026-07-09 11:35:23,1805.0,1915.0,703.0
BNBC,2026-07-09,2026-07-09 11:50:47,1805.0,1900.0,716.0
BNBC,2026-07-09,2026-07-09 12:05:23,1805.0,1900.0,716.0
BNBC,2026-07-09,2026-07-09 12:12:55,1805.0,1900.0,721.0
BNBC,2026-07-09,2026-07-09 12:20:44,1805.0,1900.0,725.0
BNBC,2026-07-09,2026-07-09 12:36:46,1805.0,1900.0,729.0
BNBC,2026-07-09,2026-07-09 12:51:41,1805.0,1805.0,905.0
BNBC,2026-07-09,2026-07-09 13:06:58,1805.0,1805.0,910.0
BNBC,2026-07-09,2026-07-09 13:22:21,1805.0,1805.0,966.0
BNBC,2026-07-09,2026-07-09 13:35:30,1805.0,1805.0,967.0
BNBC,2026-07-09,2026-07-09 13:50:45,1805.0,1805.0,967.0
BNBC,2026-07-09,2026-07-09 14:05:25,1805.0,1805.0,1135.0
BNBC,2026-07-09,2026-07-09 14:20:41,1805.0,1805.0,1135.0
BNBC,2026-07-09,2026-07-09 14:35:29,1805.0,1805.0,1228.0
BNBC,2026-07-09,2026-07-09 14:50:46,1805.0,1805.0,1228.0
BNBC,2026-07-09,2026-07-09 15:05:25,1805.0,1805.0,1228.0
BNBC,2026-07-10,2026-07-10 09:50:47,0.0,1805.0,0.0
BNBC,2026-07-10,2026-07-10 10:05:23,1750.0,1800.0,366.0
BNBC,2026-07-10,2026-07-10 10:20:47,1750.0,1750.0,506.0
BNBC,2026-07-10,2026-07-10 10:35:27,1750.0,1750.0,828.0
BNBC,2026-07-10,2026-07-10 10:50:42,1750.0,1750.0,875.0
BNBC,2026-07-10,2026-07-10 11:05:30,1750.0,1800.0,975.0
BNBC,2026-07-10,2026-07-10 11:20:47,1750.0,1755.0,979.0
BNBC,2026-07-10,2026-07-10 11:35:30,1750.0,1755.0,989.0
BNBC,2026-07-10,2026-07-10 11:50:43,1750.0,1755.0,989.0
BNBC,2026-07-10,2026-07-10 12:05:25,1750.0,1755.0,993.0
BNBC,2026-07-10,2026-07-10 12:06:20,1750.0,1755.0,993.0
BNBC,2026-07-10,2026-07-10 12:20:48,1750.0,1720.0,1243.0
BNBC,2026-07-10,2026-07-10 12:35:23,1750.0,1755.0,1343.0
BNBC,2026-07-10,2026-07-10 12:50:45,1750.0,1755.0,1343.0
BNBC,2026-07-10,2026-07-10 13:05:24,1750.0,1755.0,1381.0
BNBC,2026-07-10,2026-07-10 13:20:45,1750.0,1755.0,1381.0
BNBC,2026-07-10,2026-07-10 13:35:21,1750.0,1755.0,1381.0
BNBC,2026-07-10,2026-07-10 13:50:46,1750.0,1755.0,1381.0
BNBC,2026-07-10,2026-07-10 14:05:26,1750.0,1755.0,1387.0
BNBC,2026-07-10,2026-07-10 14:20:44,1750.0,1755.0,1387.0
BNBC,2026-07-10,2026-07-10 14:35:22,1750.0,1755.0,1387.0
BNBC,2026-07-10,2026-07-10 14:50:50,1750.0,1755.0,1567.0
BNBC,2026-07-10,2026-07-10 15:04:07,1750.0,1755.0,1567.0
BNBC,2026-07-10,2026-07-10 15:05:24,1750.0,1755.0,1567.0
BNBC,2026-07-13,2026-07-13 09:50:46,1755.0,1755.0,113.0
BNBC,2026-07-13,2026-07-13 10:05:30,1755.0,1755.0,113.0
BNBC,2026-07-13,2026-07-13 10:20:46,1755.0,1755.0,163.0
BNBC,2026-07-13,2026-07-13 10:35:31,1755.0,1760.0,314.0
BNBC,2026-07-13,2026-07-13 10:50:47,1755.0,1760.0,318.0
BNBC,2026-07-13,2026-07-13 11:05:27,1755.0,1760.0,321.0
BNBC,2026-07-13,2026-07-13 11:20:44,1755.0,1760.0,341.0
BNBC,2026-07-13,2026-07-13 11:35:25,1755.0,1760.0,341.0
BNBC,2026-07-13,2026-07-13 11:50:53,1755.0,1760.0,530.0
BNBC,2026-07-13,2026-07-13 12:05:25,1755.0,1760.0,530.0
BNBC,2026-07-13,2026-07-13 12:15:13,1755.0,1760.0,530.0
BNBC,2026-07-13,2026-07-13 12:20:49,1755.0,1760.0,530.0
BNBC,2026-07-13,2026-07-13 12:35:23,1755.0,1760.0,540.0
BNBC,2026-07-13,2026-07-13 12:50:46,1755.0,1760.0,552.0
BNBC,2026-07-13,2026-07-13 13:05:37,1755.0,1760.0,552.0
BNBC,2026-07-13,2026-07-13 13:20:46,1755.0,1800.0,651.0
BNBC,2026-07-13,2026-07-13 13:38:25,1755.0,1765.0,665.0
BNBC,2026-07-13,2026-07-13 13:50:51,1755.0,1765.0,665.0
BNBC,2026-07-13,2026-07-13 14:05:33,1755.0,1765.0,665.0
BNBC,2026-07-13,2026-07-13 14:20:50,1755.0,1765.0,665.0
BNBC,2026-07-13,2026-07-13 14:35:26,1755.0,1765.0,665.0
BNBC,2026-07-13,2026-07-13 14:50:53,1755.0,1770.0,725.0
BNBC,2026-07-13,2026-07-13 15:05:28,1755.0,1770.0,725.0
BNBC,2026-07-14,2026-07-14 09:50:47,1770.0,1770.0,277.0
BNBC,2026-07-14,2026-07-14 10:05:31,1770.0,1780.0,499.0
BNBC,2026-07-14,2026-07-14 10:20:49,1770.0,1780.0,644.0
BNBC,2026-07-14,2026-07-14 10:35:21,1770.0,1780.0,644.0
BNBC,2026-07-14,2026-07-14 10:50:46,1770.0,1780.0,644.0
BNBC,2026-07-14,2026-07-14 10:53:12,1770.0,1780.0,644.0
BNBC,2026-07-14,2026-07-14 11:05:31,1770.0,1780.0,644.0
BNBC,2026-07-14,2026-07-14 11:20:52,1770.0,1780.0,644.0
BNBC,2026-07-14,2026-07-14 11:35:21,1770.0,1780.0,644.0
BNBC,2026-07-14,2026-07-14 11:50:47,1770.0,1780.0,644.0
BNBC,2026-07-14,2026-07-14 12:05:24,1770.0,1780.0,644.0
BNBC,2026-07-14,2026-07-14 12:19:52,1770.0,1780.0,644.0
BNBC,2026-07-14,2026-07-14 12:20:48,1770.0,1780.0,644.0
BNBC,2026-07-14,2026-07-14 12:35:26,1770.0,1800.0,744.0
BNBC,2026-07-14,2026-07-14 12:50:49,1770.0,1800.0,744.0
BNBC,2026-07-14,2026-07-14 13:05:22,1770.0,1800.0,850.0
BNBC,2026-07-14,2026-07-14 13:20:46,1770.0,1800.0,854.0
BNBC,2026-07-14,2026-07-14 13:35:23,1770.0,1800.0,895.0
BNBC,2026-07-14,2026-07-14 13:50:50,1770.0,1780.0,931.0
BNBC,2026-07-14,2026-07-14 14:05:32,1770.0,1750.0,4472.0
BNBC,2026-07-14,2026-07-14 14:18:37,1770.0,1750.0,4472.0
BNBC,2026-07-14,2026-07-14 14:20:53,1770.0,1750.0,4472.0
BNBC,2026-07-14,2026-07-14 14:35:23,1770.0,1750.0,4841.0
BNBC,2026-07-14,2026-07-14 14:50:53,1770.0,1750.0,4841.0
BNBC,2026-07-14,2026-07-14 15:05:24,1770.0,1750.0,4841.0
BNBC,2026-07-15,2026-07-15 09:50:48,1755.0,1755.0,128.0
BNBC,2026-07-15,2026-07-15 10:05:31,1755.0,1800.0,139.0
BNBC,2026-07-15,2026-07-15 10:20:48,1755.0,1800.0,809.0
BNBC,2026-07-15,2026-07-15 10:35:23,1755.0,1770.0,879.0
BNBC,2026-07-15,2026-07-15 10:50:47,1755.0,1800.0,1554.0
BNBC,2026-07-15,2026-07-15 10:57:52,1755.0,1800.0,1554.0
BNBC,2026-07-15,2026-07-15 11:05:25,1755.0,1805.0,1654.0
BNBC,2026-07-15,2026-07-15 11:20:49,1755.0,1805.0,1664.0
BNBC,2026-07-15,2026-07-15 11:35:22,1755.0,1850.0,1674.0
BNBC,2026-07-15,2026-07-15 11:50:48,1755.0,1850.0,1714.0
BNBC,2026-07-15,2026-07-15 12:05:28,1755.0,1855.0,1724.0
BNBC,2026-07-15,2026-07-15 12:20:43,1755.0,1855.0,1724.0
BNBC,2026-07-15,2026-07-15 12:35:25,1755.0,1880.0,1823.0
BNBC,2026-07-15,2026-07-15 12:50:46,1755.0,1880.0,1823.0
BNBC,2026-07-15,2026-07-15 13:05:22,1755.0,1880.0,1824.0
BNBC,2026-07-15,2026-07-15 13:20:47,1755.0,1880.0,1834.0
BNBC,2026-07-15,2026-07-15 13:35:28,1755.0,1880.0,1849.0
BNBC,2026-07-15,2026-07-15 13:50:50,1755.0,1880.0,1851.0
BNBC,2026-07-15,2026-07-15 14:05:23,1755.0,1880.0,1851.0
BNBC,2026-07-15,2026-07-15 14:20:50,1755.0,1880.0,1851.0
BNBC,2026-07-15,2026-07-15 14:22:48,1755.0,1880.0,1851.0
BNBC,2026-07-15,2026-07-15 14:35:23,1755.0,1880.0,1851.0
BNBC,2026-07-15,2026-07-15 14:50:46,1755.0,1880.0,1869.0
BNBC,2026-07-15,2026-07-15 15:05:25,1755.0,1880.0,1869.0
BNBC,2026-07-16,2026-07-16 09:50:47,0.0,1880.0,0.0
BNBC,2026-07-16,2026-07-16 10:05:38,1880.0,1880.0,2025.0
BNBC,2026-07-16,2026-07-16 10:20:50,1880.0,1880.0,2025.0
BNBC,2026-07-16,2026-07-16 10:35:25,1880.0,1880.0,2599.0
BNBC,2026-07-16,2026-07-16 10:50:46,1880.0,1875.0,5490.0
BNBC,2026-07-16,2026-07-16 11:05:25,1880.0,1875.0,5512.0
BNBC,2026-07-16,2026-07-16 11:06:22,1880.0,1875.0,5512.0
BNBC,2026-07-16,2026-07-16 11:20:46,1880.0,1875.0,5515.0
BNBC,2026-07-16,2026-07-16 11:35:24,1880.0,1875.0,5635.0
BNBC,2026-07-16,2026-07-16 11:50:51,1880.0,1875.0,5774.0
BNBC,2026-07-16,2026-07-16 12:05:24,1880.0,1875.0,5774.0
BNBC,2026-07-16,2026-07-16 12:20:46,1880.0,1875.0,5789.0
BNBC,2026-07-16,2026-07-16 12:35:27,1880.0,1875.0,5809.0
BNBC,2026-07-16,2026-07-16 12:50:49,1880.0,1875.0,5909.0
BNBC,2026-07-16,2026-07-16 12:53:11,1880.0,1875.0,5909.0
BNBC,2026-07-16,2026-07-16 13:05:26,1880.0,1875.0,5909.0
BNBC,2026-07-16,2026-07-16 13:20:48,1880.0,1875.0,5909.0
BNBC,2026-07-16,2026-07-16 13:35:22,1880.0,1875.0,5909.0
BNBC,2026-07-16,2026-07-16 13:50:47,1880.0,1875.0,5909.0
BNBC,2026-07-16,2026-07-16 14:05:26,1880.0,1875.0,5909.0
BNBC,2026-07-16,2026-07-16 14:20:48,1880.0,1875.0,5909.0
BNBC,2026-07-16,2026-07-16 14:35:30,1880.0,1875.0,6246.0
BNBC,2026-07-16,2026-07-16 14:50:56,1880.0,1875.0,6246.0
BNBC,2026-07-16,2026-07-16 15:05:25,1880.0,1875.0,6246.0
BNBC,2026-07-17,2026-07-17 09:50:33,0.0,1875.0,0.0
BNBC,2026-07-17,2026-07-17 10:05:37,1995.0,2000.0,592.0
BNBC,2026-07-17,2026-07-17 10:20:30,1995.0,2000.0,703.0
BNBC,2026-07-17,2026-07-17 10:35:27,1995.0,1995.0,3234.0
BNBC,2026-07-17,2026-07-17 10:50:27,1995.0,1995.0,3234.0
BNBC,2026-07-17,2026-07-17 10:54:23,1995.0,1995.0,3234.0
BNBC,2026-07-17,2026-07-17 11:05:26,1995.0,1995.0,3235.0
BNBC,2026-07-17,2026-07-17 11:20:27,1995.0,1980.0,3245.0
BNBC,2026-07-17,2026-07-17 11:35:25,1995.0,1980.0,3305.0
BNBC,2026-07-17,2026-07-17 11:50:32,1995.0,1980.0,3306.0
BNBC,2026-07-17,2026-07-17 12:05:23,1995.0,1980.0,3306.0
BNBC,2026-07-17,2026-07-17 12:16:43,1995.0,2000.0,3803.0
BNBC,2026-07-17,2026-07-17 12:20:32,1995.0,2000.0,3803.0
BNBC,2026-07-17,2026-07-17 12:35:32,1995.0,2000.0,3831.0
BNBC,2026-07-17,2026-07-17 12:50:27,1995.0,1875.0,4081.0
BNBC,2026-07-17,2026-07-17 13:05:25,1995.0,1875.0,4081.0
BNBC,2026-07-17,2026-07-17 13:20:28,1995.0,1875.0,4081.0
BNBC,2026-07-17,2026-07-17 13:35:24,1995.0,1875.0,4301.0
BNBC,2026-07-17,2026-07-17 13:50:28,1995.0,1875.0,4327.0
BNBC,2026-07-17,2026-07-17 14:05:25,1995.0,1875.0,4327.0
BNBC,2026-07-17,2026-07-17 14:06:08,1995.0,1875.0,4327.0
BNBC,2026-07-17,2026-07-17 14:20:31,1995.0,1875.0,4327.0
BNBC,2026-07-17,2026-07-17 14:35:23,1995.0,1875.0,4512.0
BNBC,2026-07-17,2026-07-17 14:50:31,1995.0,1875.0,4512.0
BNBC,2026-07-17,2026-07-17 15:05:33,1995.0,1875.0,4512.0
BNBC,2026-07-20,2026-07-20 09:50:22,0.0,1875.0,0.0
BNBC,2026-07-20,2026-07-20 10:05:23,0.0,1875.0,0.0
BNBC,2026-07-20,2026-07-20 10:20:39,1775.0,1880.0,94.0
BNBC,2026-07-20,2026-07-20 10:35:23,1775.0,1880.0,94.0
BNBC,2026-07-20,2026-07-20 10:50:24,1775.0,1875.0,369.0
BNBC,2026-07-20,2026-07-20 11:05:24,1775.0,1875.0,369.0
BNBC,2026-07-20,2026-07-20 11:20:24,1775.0,1880.0,1457.0
BNBC,2026-07-20,2026-07-20 11:35:27,1775.0,2000.0,1557.0
BNBC,2026-07-20,2026-07-20 11:50:27,1775.0,2000.0,1557.0
BNBC,2026-07-20,2026-07-20 11:53:26,1775.0,2000.0,1557.0
BNBC,2026-07-20,2026-07-20 12:05:26,1775.0,2000.0,1557.0
BNBC,2026-07-20,2026-07-20 12:20:25,1775.0,2000.0,1740.0
BNBC,2026-07-20,2026-07-20 12:35:21,1775.0,1995.0,1762.0
BNBC,2026-07-20,2026-07-20 12:50:22,1775.0,1995.0,1762.0
BNBC,2026-07-20,2026-07-20 13:05:22,1775.0,1990.0,2012.0
BNBC,2026-07-20,2026-07-20 13:20:22,1775.0,1990.0,2012.0
BNBC,2026-07-20,2026-07-20 13:35:33,1775.0,1990.0,2046.0
BNBC,2026-07-20,2026-07-20 13:50:22,1775.0,1990.0,2096.0
BNBC,2026-07-20,2026-07-20 14:05:25,1775.0,1990.0,2096.0
BNBC,2026-07-20,2026-07-20 14:20:22,1775.0,1990.0,2096.0
BNBC,2026-07-20,2026-07-20 14:26:21,1775.0,1990.0,2096.0
BNBC,2026-07-20,2026-07-20 14:35:27,1775.0,1990.0,2117.0
BNBC,2026-07-20,2026-07-20 14:50:23,1775.0,1990.0,2117.0
BNBC,2026-07-20,2026-07-20 15:05:29,1775.0,1990.0,2117.0
BNBC,2026-07-21,2026-07-21 09:50:24,0.0,1990.0,0.0
BNBC,2026-07-21,2026-07-21 10:05:24,0.0,1990.0,0.0
BNBC,2026-07-21,2026-07-21 10:20:27,1885.0,1885.0,82.0
BNBC,2026-07-21,2026-07-21 10:35:24,1885.0,1885.0,82.0
BNBC,2026-07-21,2026-07-21 10:50:26,1885.0,1885.0,82.0
BNBC,2026-07-21,2026-07-21 11:05:52,1885.0,1890.0,106.0
BNBC,2026-07-21,2026-07-21 11:14:18,1885.0,1890.0,106.0
BNBC,2026-07-21,2026-07-21 11:20:26,1885.0,1890.0,106.0
BNBC,2026-07-21,2026-07-21 11:35:23,1885.0,1890.0,106.0
BNBC,2026-07-21,2026-07-21 11:50:42,1885.0,1890.0,106.0
BNBC,2026-07-21,2026-07-21 12:05:27,1885.0,1890.0,106.0
BNBC,2026-07-21,2026-07-21 12:20:26,1885.0,1985.0,136.0
BNBC,2026-07-21,2026-07-21 12:35:26,1885.0,1985.0,141.0
BNBC,2026-07-21,2026-07-21 12:44:11,1885.0,1985.0,141.0
BNBC,2026-07-21,2026-07-21 12:50:23,1885.0,1985.0,141.0
BNBC,2026-07-21,2026-07-21 13:05:29,1885.0,1985.0,141.0
BNBC,2026-07-21,2026-07-21 13:20:25,1885.0,1985.0,141.0
BNBC,2026-07-21,2026-07-21 13:35:25,1885.0,1985.0,441.0
BNBC,2026-07-21,2026-07-21 13:50:25,1885.0,1990.0,510.0
BNBC,2026-07-21,2026-07-21 14:05:24,1885.0,1985.0,522.0
BNBC,2026-07-21,2026-07-21 14:20:26,1885.0,1985.0,522.0
BNBC,2026-07-21,2026-07-21 14:35:24,1885.0,1985.0,522.0
BNBC,2026-07-21,2026-07-21 14:49:26,1885.0,1985.0,552.0
BNBC,2026-07-21,2026-07-21 14:50:25,1885.0,1985.0,552.0
BNBC,2026-07-21,2026-07-21 15:05:24,1885.0,1985.0,552.0
BNBC,2026-07-22,2026-07-22 09:50:21,0.0,1985.0,0.0
BNBC,2026-07-22,2026-07-22 10:05:26,0.0,1985.0,0.0
BNBC,2026-07-22,2026-07-22 10:20:30,1985.0,1900.0,213.0
BNBC,2026-07-22,2026-07-22 10:35:27,1985.0,1985.0,266.0
BNBC,2026-07-22,2026-07-22 10:50:26,1985.0,1985.0,325.0
BNBC,2026-07-22,2026-07-22 11:05:24,1985.0,1985.0,325.0
BNBC,2026-07-22,2026-07-22 11:14:47,1985.0,1980.0,335.0
BNBC,2026-07-22,2026-07-22 11:20:23,1985.0,1980.0,335.0
BNBC,2026-07-22,2026-07-22 11:35:23,1985.0,1980.0,335.0
BNBC,2026-07-22,2026-07-22 11:50:35,1985.0,1980.0,403.0
BNBC,2026-07-22,2026-07-22 12:05:27,1985.0,1980.0,403.0
BNBC,2026-07-22,2026-07-22 12:20:26,1985.0,1980.0,403.0
BNBC,2026-07-22,2026-07-22 12:35:28,1985.0,1980.0,403.0
BNBC,2026-07-22,2026-07-22 12:47:39,1985.0,1980.0,403.0
BNBC,2026-07-22,2026-07-22 12:50:25,1985.0,1980.0,403.0
BNBC,2026-07-22,2026-07-22 13:05:27,1985.0,1980.0,453.0
BNBC,2026-07-22,2026-07-22 13:20:28,1985.0,1980.0,453.0
BNBC,2026-07-22,2026-07-22 13:35:26,1985.0,1980.0,453.0
BNBC,2026-07-22,2026-07-22 13:50:34,1985.0,1980.0,453.0
BNBC,2026-07-22,2026-07-22 14:05:27,1985.0,1975.0,459.0
BNBC,2026-07-22,2026-07-22 14:20:31,1985.0,1975.0,459.0
BNBC,2026-07-22,2026-07-22 14:35:26,1985.0,1975.0,459.0
BNBC,2026-07-22,2026-07-22 14:48:42,1985.0,1975.0,459.0
BNBC,2026-07-22,2026-07-22 14:50:25,1985.0,1975.0,459.0
BNBC,2026-07-22,2026-07-22 15:05:28,1985.0,1975.0,459.0
BNBC,2026-07-23,2026-07-23 10:20:21,1975.0,1970.0,94.0
BNBC,2026-07-23,2026-07-23 10:35:26,1975.0,1970.0,100.0
BNBC,2026-07-23,2026-07-23 10:50:26,1975.0,1970.0,100.0
BNBC,2026-07-23,2026-07-23 11:05:43,1975.0,1970.0,100.0
BNBC,2026-07-23,2026-07-23 11:17:03,1975.0,1970.0,127.0
BNBC,2026-07-23,2026-07-23 11:20:25,1975.0,1970.0,127.0
BNBC,2026-07-23,2026-07-23 11:35:26,1975.0,1970.0,232.0
BNBC,2026-07-23,2026-07-23 11:50:28,1975.0,1970.0,242.0
BNBC,2026-07-23,2026-07-23 12:35:29,1975.0,1970.0,252.0
BNBC,2026-07-23,2026-07-23 13:05:34,1975.0,1975.0,382.0
BNBC,2026-07-23,2026-07-23 13:20:26,1975.0,1970.0,402.0
BNBC,2026-07-23,2026-07-23 13:50:26,1975.0,1965.0,533.0
BNBC,2026-07-23,2026-07-23 14:05:33,1975.0,1965.0,533.0
BNBC,2026-07-23,2026-07-23 14:20:33,1975.0,1965.0,533.0
BNBC,2026-07-23,2026-07-23 14:35:27,1975.0,1990.0,683.0
BNBC,2026-07-23,2026-07-23 15:05:30,1975.0,1990.0,683.0
BNBC,2026-07-24,2026-07-24 09:50:22,1985.0,1985.0,2.0
BNBC,2026-07-24,2026-07-24 10:05:24,1985.0,1985.0,2.0
BNBC,2026-07-24,2026-07-24 10:20:21,1985.0,1985.0,2.0
BNBC,2026-07-24,2026-07-24 10:35:20,1985.0,1985.0,39.0
BNBC,2026-07-24,2026-07-24 10:50:23,1985.0,1975.0,48.0
BNBC,2026-07-24,2026-07-24 11:05:32,1985.0,1975.0,48.0
BNBC,2026-07-24,2026-07-24 11:07:22,1985.0,1965.0,115.0
BNBC,2026-07-24,2026-07-24 11:20:24,1985.0,1955.0,193.0
BNBC,2026-07-24,2026-07-24 11:50:47,1985.0,1955.0,211.0
BNBC,2026-07-24,2026-07-24 12:20:23,1985.0,1970.0,337.0
BNBC,2026-07-24,2026-07-24 12:35:29,1985.0,1960.0,347.0
BNBC,2026-07-24,2026-07-24 12:47:32,1985.0,1900.0,376.0
BNBC,2026-07-24,2026-07-24 12:50:21,1985.0,1900.0,376.0
BNBC,2026-07-24,2026-07-24 13:05:24,1985.0,1900.0,680.0
BNBC,2026-07-24,2026-07-24 13:20:27,1985.0,1900.0,680.0
BNBC,2026-07-24,2026-07-24 13:35:25,1985.0,1900.0,680.0
BNBC,2026-07-24,2026-07-24 13:50:24,1985.0,1900.0,730.0
BNBC,2026-07-24,2026-07-24 14:05:26,1985.0,1900.0,730.0
BNBC,2026-07-24,2026-07-24 14:20:22,1985.0,1985.0,860.0
BNBC,2026-07-24,2026-07-24 14:27:39,1985.0,1985.0,860.0
BNBC,2026-07-24,2026-07-24 14:35:29,1985.0,1985.0,860.0
BNBC,2026-07-24,2026-07-24 14:50:22,1985.0,1985.0,1055.0
BNBC,2026-07-24,2026-07-24 15:05:28,1985.0,1985.0,1055.0
BNBC,2026-07-27,2026-07-27 10:21:54,1900.0,1985.0,110.0
BNBC,2026-07-27,2026-07-27 10:35:38,1900.0,1985.0,110.0
BNBC,2026-07-27,2026-07-27 12:05:28,1900.0,1870.0,181.0
BNBC,2026-07-27,2026-07-27 12:20:25,1900.0,1900.0,251.0
BNBC,2026-07-27,2026-07-27 12:33:28,1900.0,1900.0,251.0
BNBC,2026-07-27,2026-07-27 12:35:26,1900.0,1900.0,251.0
BNBC,2026-07-27,2026-07-27 12:50:22,1900.0,1900.0,251.0
BNBC,2026-07-27,2026-07-27 13:05:26,1900.0,1900.0,266.0
BNBC,2026-07-27,2026-07-27 13:20:24,1900.0,1900.0,266.0
BNBC,2026-07-27,2026-07-27 13:35:27,1900.0,1875.0,329.0
BNBC,2026-07-27,2026-07-27 13:50:24,1900.0,1900.0,367.0
BNBC,2026-07-27,2026-07-27 14:05:31,1900.0,1900.0,367.0
BNBC,2026-07-27,2026-07-27 14:20:24,1900.0,1900.0,367.0
BNBC,2026-07-27,2026-07-27 14:35:38,1900.0,1900.0,475.0
BNBC,2026-07-27,2026-07-27 14:50:27,1900.0,1900.0,475.0
BNBC,2026-07-27,2026-07-27 15:05:29,1900.0,1900.0,475.0
BNBC,2026-07-28,2026-07-28 10:05:30,0.0,1900.0,0.0
BNBC,2026-07-28,2026-07-28 10:20:23,1900.0,1890.0,377.0
BNBC,2026-07-28,2026-07-28 10:35:39,1900.0,1890.0,378.0
BNBC,2026-07-28,2026-07-28 10:50:26,1900.0,1890.0,378.0
BNBC,2026-07-28,2026-07-28 11:35:29,1900.0,1890.0,406.0
BNBC,2026-07-28,2026-07-28 11:50:23,1900.0,1890.0,1214.0
BNBC,2026-07-28,2026-07-28 12:05:30,1900.0,1890.0,1214.0
BNBC,2026-07-28,2026-07-28 12:20:34,1900.0,1900.0,1289.0
BNBC,2026-07-28,2026-07-28 12:35:26,1900.0,1900.0,1289.0
BNBC,2026-07-28,2026-07-28 12:50:23,1900.0,1900.0,1291.0
BNBC,2026-07-28,2026-07-28 13:05:32,1900.0,1900.0,1291.0
BNBC,2026-07-28,2026-07-28 13:12:59,1900.0,1900.0,1350.0
BNBC,2026-07-28,2026-07-28 13:20:25,1900.0,1900.0,1350.0
BNBC,2026-07-28,2026-07-28 13:35:41,1900.0,1900.0,1350.0
BNBC,2026-07-28,2026-07-28 13:50:26,1900.0,1900.0,1350.0
BNBC,2026-07-28,2026-07-28 14:05:28,1900.0,1900.0,1350.0
BNBC,2026-07-28,2026-07-28 14:20:27,1900.0,1900.0,1355.0
BNBC,2026-07-28,2026-07-28 14:35:31,1900.0,1900.0,1355.0
BNBC,2026-07-28,2026-07-28 14:50:25,1900.0,1875.0,1365.0
BNBC,2026-07-28,2026-07-28 15:05:32,1900.0,1875.0,1365.0
BNBC,2026-07-29,2026-07-29 09:50:31,0.0,1875.0,0.0
BNBC,2026-07-29,2026-07-29 10:35:41,1870.0,1875.0,217.0
BNBC,2026-07-29,2026-07-29 10:50:33,1870.0,1875.0,217.0
BNBC,2026-07-29,2026-07-29 11:20:45,1870.0,1875.0,286.0
BNBC,2026-07-29,2026-07-29 11:50:26,1870.0,1875.0,385.0
BNBC,2026-07-29,2026-07-29 12:05:38,1870.0,1875.0,385.0
BNBC,2026-07-29,2026-07-29 12:20:24,1870.0,1900.0,401.0
BNBC,2026-07-29,2026-07-29 12:35:37,1870.0,1875.0,402.0
BNBC,2026-07-29,2026-07-29 12:50:58,1870.0,1875.0,402.0
BNBC,2026-07-29,2026-07-29 13:06:56,1870.0,1880.0,664.0
BNBC,2026-07-29,2026-07-29 13:16:52,1870.0,1880.0,664.0
BNBC,2026-07-29,2026-07-29 13:20:47,1870.0,1880.0,664.0
BNBC,2026-07-29,2026-07-29 13:35:39,1870.0,1880.0,664.0
BNBC,2026-07-29,2026-07-29 13:50:49,1870.0,1880.0,674.0
BNBC,2026-07-29,2026-07-29 14:05:52,1870.0,1880.0,674.0
BNBC,2026-07-29,2026-07-29 14:20:34,1870.0,1880.0,674.0
BNBC,2026-07-29,2026-07-29 14:35:28,1870.0,1875.0,692.0
BNBC,2026-07-29,2026-07-29 14:50:31,1870.0,1875.0,692.0
BNBC,2026-07-29,2026-07-29 15:06:55,1870.0,1875.0,692.0
BNBC,2026-07-30,2026-07-30 09:50:58,1900.0,1900.0,58.0
BNBC,2026-07-30,2026-07-30 10:35:57,1900.0,1875.0,579.0
BNBC,2026-07-30,2026-07-30 10:50:40,1900.0,1880.0,580.0
BNBC,2026-07-30,2026-07-30 11:05:26,1900.0,1880.0,580.0
BNBC,2026-07-30,2026-07-30 11:17:59,1900.0,1900.0,620.0
BNBC,2026-07-30,2026-07-30 11:20:27,1900.0,1900.0,620.0
BNBC,2026-07-30,2026-07-30 11:35:25,1900.0,1900.0,670.0
BNBC,2026-07-30,2026-07-30 11:50:26,1900.0,1900.0,670.0
BNBC,2026-07-30,2026-07-30 12:05:35,1900.0,1900.0,670.0
BNBC,2026-07-30,2026-07-30 12:20:23,1900.0,1900.0,670.0
BNBC,2026-07-30,2026-07-30 12:35:45,1900.0,1980.0,742.0
BNBC,2026-07-30,2026-07-30 12:52:03,1900.0,1900.0,772.0
BNBC,2026-07-30,2026-07-30 12:56:02,1900.0,1900.0,772.0
BNBC,2026-07-30,2026-07-30 13:05:34,1900.0,1900.0,772.0
BNBC,2026-07-30,2026-07-30 13:20:25,1900.0,1900.0,832.0
BNBC,2026-07-30,2026-07-30 13:35:34,1900.0,1880.0,1037.0
BNBC,2026-07-30,2026-07-30 13:50:28,1900.0,1880.0,1037.0
BNBC,2026-07-30,2026-07-30 14:05:24,1900.0,1880.0,1037.0
BNBC,2026-07-30,2026-07-30 14:20:44,1900.0,1880.0,1037.0
BNBC,2026-07-30,2026-07-30 14:35:47,1900.0,1880.0,1037.0
BNBC,2026-07-30,2026-07-30 14:50:24,1900.0,1880.0,1137.0
BNBC,2026-07-30,2026-07-30 15:05:37,1900.0,1880.0,1137.0
BNBC,2026-07-31,2026-07-31 09:50:34,0.0,1880.0,0.0
BNBC,2026-07-31,2026-07-31 10:05:30,0.0,1880.0,0.0
BNBC,2026-07-31,2026-07-31 10:20:32,1895.0,1880.0,172.0
BNBC,2026-07-31,2026-07-31 10:35:25,1895.0,1880.0,254.0
BNBC,2026-07-31,2026-07-31 10:50:30,1895.0,1880.0,256.0
BNBC,2026-07-31,2026-07-31 11:05:34,1895.0,1850.0,266.0
BNBC,2026-07-31,2026-07-31 11:20:27,1895.0,1850.0,266.0
BNBC,2026-07-31,2026-07-31 11:33:08,1895.0,1895.0,281.0
BNBC,2026-07-31,2026-07-31 11:35:24,1895.0,1895.0,281.0
BNBC,2026-07-31,2026-07-31 11:50:30,1895.0,1895.0,281.0
BNBC,2026-07-31,2026-07-31 12:05:39,1895.0,1895.0,281.0
BNBC,2026-07-31,2026-07-31 12:20:28,1895.0,1890.0,291.0
BNBC,2026-07-31,2026-07-31 12:35:28,1895.0,1890.0,291.0
BNBC,2026-07-31,2026-07-31 12:50:24,1895.0,1880.0,313.0
BNBC,2026-07-31,2026-07-31 13:05:42,1895.0,1880.0,313.0
BNBC,2026-07-31,2026-07-31 13:16:10,1895.0,1880.0,313.0
BNBC,2026-07-31,2026-07-31 13:20:26,1895.0,1880.0,313.0
BNBC,2026-07-31,2026-07-31 13:35:26,1895.0,1880.0,313.0
BNBC,2026-07-31,2026-07-31 13:50:29,1895.0,1880.0,313.0
BNBC,2026-07-31,2026-07-31 14:05:55,1895.0,1890.0,371.0
BNBC,2026-07-31,2026-07-31 14:20:52,1895.0,1890.0,371.0
BNBC,2026-07-31,2026-07-31 14:35:55,1895.0,1890.0,371.0
BNBC,2026-07-31,2026-07-31 14:50:50,1895.0,1890.0,371.0
BNBC,2026-07-31,2026-07-31 15:06:31,1895.0,1890.0,371.0
BNBC,2026-08-03,2026-08-03 09:50:55,1900.0,1880.0,75.0
BNBC,2026-08-03,2026-08-03 10:06:22,1900.0,1880.0,75.0
BNBC,2026-08-03,2026-08-03 10:20:59,1900.0,1880.0,75.0
BNBC,2026-08-03,2026-08-03 10:35:52,1900.0,1880.0,75.0
BNBC,2026-08-03,2026-08-03 10:51:01,1900.0,1990.0,195.0
BNBC,2026-08-03,2026-08-03 11:06:13,1900.0,1990.0,195.0
BNBC,2026-08-03,2026-08-03 11:20:53,1900.0,1910.0,1255.0
BNBC,2026-08-03,2026-08-03 11:35:52,1900.0,1910.0,1258.0
BNBC,2026-08-03,2026-08-03 11:50:55,1900.0,1965.0,1262.0
BNBC,2026-08-03,2026-08-03 12:06:17,1900.0,1950.0,1768.0
BNBC,2026-08-03,2026-08-03 12:21:00,1900.0,1950.0,1768.0
BNBC,2026-08-03,2026-08-03 12:33:44,1900.0,1950.0,1799.0
BNBC,2026-08-03,2026-08-03 12:35:49,1900.0,1950.0,1799.0
BNBC,2026-08-03,2026-08-03 12:50:53,1900.0,1950.0,1799.0
BNBC,2026-08-03,2026-08-03 13:06:08,1900.0,1930.0,1821.0
BNBC,2026-08-03,2026-08-03 13:20:52,1900.0,1930.0,1821.0
BNBC,2026-08-03,2026-08-03 13:35:47,1900.0,1930.0,1821.0
BNBC,2026-08-03,2026-08-03 13:50:58,1900.0,1925.0,1888.0
BNBC,2026-08-03,2026-08-03 14:06:16,1900.0,1930.0,1928.0
BNBC,2026-08-03,2026-08-03 14:20:53,1900.0,1930.0,1928.0
BNBC,2026-08-03,2026-08-03 14:35:53,1900.0,1930.0,2336.0
BNBC,2026-08-03,2026-08-03 14:50:55,1900.0,1930.0,2336.0
BNBC,2026-08-03,2026-08-03 15:06:08,1900.0,1930.0,2336.0
BNBC,2026-08-04,2026-08-04 09:50:34,1930.0,1930.0,144.0
BNBC,2026-08-04,2026-08-04 10:05:31,1930.0,1930.0,144.0
BNBC,2026-08-04,2026-08-04 10:20:29,1930.0,1930.0,334.0
BNBC,2026-08-04,2026-08-04 10:35:30,1930.0,1925.0,339.0
BNBC,2026-08-04,2026-08-04 10:50:22,1930.0,1925.0,556.0
BNBC,2026-08-04,2026-08-04 11:05:29,1930.0,1925.0,556.0
BNBC,2026-08-04,2026-08-04 11:20:28,1930.0,1930.0,1641.0
BNBC,2026-08-04,2026-08-04 11:30:47,1930.0,1930.0,1641.0
BNBC,2026-08-04,2026-08-04 11:35:27,1930.0,1930.0,1641.0
BNBC,2026-08-04,2026-08-04 11:50:31,1930.0,1925.0,1741.0
BNBC,2026-08-04,2026-08-04 12:05:27,1930.0,1925.0,1741.0
BNBC,2026-08-04,2026-08-04 12:20:29,1930.0,1925.0,2101.0
BNBC,2026-08-04,2026-08-04 12:35:35,1930.0,1925.0,2101.0
BNBC,2026-08-04,2026-08-04 12:50:23,1930.0,1930.0,2102.0
BNBC,2026-08-04,2026-08-04 13:05:29,1930.0,1930.0,2102.0
BNBC,2026-08-04,2026-08-04 13:17:05,1930.0,1930.0,2107.0
BNBC,2026-08-04,2026-08-04 13:20:22,1930.0,1930.0,2107.0
BNBC,2026-08-04,2026-08-04 13:35:31,1930.0,1930.0,2389.0
BNBC,2026-08-04,2026-08-04 13:50:26,1930.0,1930.0,2389.0
BNBC,2026-08-04,2026-08-04 14:05:34,1930.0,1930.0,2389.0
BNBC,2026-08-04,2026-08-04 14:20:26,1930.0,1930.0,2391.0
BNBC,2026-08-04,2026-08-04 14:35:30,1930.0,1930.0,2393.0
BNBC,2026-08-04,2026-08-04 14:50:31,1930.0,1930.0,2393.0
BNBC,2026-08-04,2026-08-04 15:05:28,1930.0,1930.0,2393.0
BNBC,2026-08-05,2026-08-05 09:50:22,1925.0,1925.0,55.0
BNBC,2026-08-05,2026-08-05 10:05:29,1925.0,1925.0,55.0
BNBC,2026-08-05,2026-08-05 10:20:22,1925.0,1925.0,758.0
BNBC,2026-08-05,2026-08-05 10:35:27,1925.0,1925.0,779.0
BNBC,2026-08-05,2026-08-05 10:50:33,1925.0,1920.0,895.0
BNBC,2026-08-05,2026-08-05 11:05:25,1925.0,1920.0,895.0
BNBC,2026-08-05,2026-08-05 11:20:22,1925.0,1925.0,896.0
BNBC,2026-08-05,2026-08-05 11:25:53,1925.0,1925.0,896.0
BNBC,2026-08-05,2026-08-05 11:35:25,1925.0,1925.0,908.0
BNBC,2026-08-05,2026-08-05 11:50:25,1925.0,1920.0,1092.0
BNBC,2026-08-05,2026-08-05 12:05:26,1925.0,1920.0,1092.0
BNBC,2026-08-05,2026-08-05 12:20:40,1925.0,1920.0,1408.0
BNBC,2026-08-05,2026-08-05 12:35:26,1925.0,1920.0,1408.0
BNBC,2026-08-05,2026-08-05 12:50:22,1925.0,1920.0,1457.0
BNBC,2026-08-05,2026-08-05 13:05:27,1925.0,1920.0,1642.0
BNBC,2026-08-05,2026-08-05 13:13:17,1925.0,1920.0,1642.0
BNBC,2026-08-05,2026-08-05 13:20:24,1925.0,1920.0,1642.0
BNBC,2026-08-05,2026-08-05 13:35:31,1925.0,1920.0,1644.0
BNBC,2026-08-05,2026-08-05 13:50:24,1925.0,1915.0,1718.0
BNBC,2026-08-05,2026-08-05 14:05:28,1925.0,1915.0,2118.0
BNBC,2026-08-05,2026-08-05 14:20:28,1925.0,1915.0,2118.0
BNBC,2026-08-05,2026-08-05 14:35:34,1925.0,1915.0,2118.0
BNBC,2026-08-05,2026-08-05 14:50:26,1925.0,1915.0,2121.0
BNBC,2026-08-05,2026-08-05 15:05:24,1925.0,1915.0,2121.0
BNBC,2026-08-06,2026-08-06 09:50:30,1915.0,1915.0,1314.0
BNBC,2026-08-06,2026-08-06 10:05:29,1915.0,1915.0,1314.0
BNBC,2026-08-06,2026-08-06 10:20:26,1915.0,1900.0,1351.0
BNBC,2026-08-06,2026-08-06 10:35:26,1915.0,1900.0,1351.0
BNBC,2026-08-06,2026-08-06 10:50:34,1915.0,1900.0,1351.0
BNBC,2026-08-06,2026-08-06 11:05:25,1915.0,1900.0,1351.0
BNBC,2026-08-06,2026-08-06 11:20:28,1915.0,1900.0,1351.0
BNBC,2026-08-06,2026-08-06 11:29:19,1915.0,1900.0,1351.0
BNBC,2026-08-06,2026-08-06 11:35:32,1915.0,1900.0,1351.0
BNBC,2026-08-06,2026-08-06 11:50:29,1915.0,1900.0,1386.0
BNBC,2026-08-06,2026-08-06 12:05:28,1915.0,1900.0,1386.0
BNBC,2026-08-06,2026-08-06 12:20:31,1915.0,1900.0,1386.0
BNBC,2026-08-06,2026-08-06 12:35:30,1915.0,1900.0,1386.0
BNBC,2026-08-06,2026-08-06 12:50:24,1915.0,1900.0,1386.0
BNBC,2026-08-06,2026-08-06 13:05:29,1915.0,1900.0,1386.0
BNBC,2026-08-06,2026-08-06 13:11:30,1915.0,1900.0,1386.0
BNBC,2026-08-06,2026-08-06 13:20:24,1915.0,1900.0,1386.0
BNBC,2026-08-06,2026-08-06 13:35:33,1915.0,1900.0,1386.0
BNBC,2026-08-06,2026-08-06 13:50:22,1915.0,1900.0,1386.0
BNBC,2026-08-06,2026-08-06 14:05:26,1915.0,1900.0,1386.0
BNBC,2026-08-06,2026-08-06 14:20:40,1915.0,1900.0,1386.0
BNBC,2026-08-06,2026-08-06 14:35:27,1915.0,1900.0,1386.0
BNBC,2026-08-06,2026-08-06 14:50:27,1915.0,1900.0,1386.0
BNBC,2026-08-06,2026-08-06 15:05:24,1915.0,1900.0,1386.0
BNBC,2026-08-07,2026-08-07 09:50:26,1915.0,1900.0,1386.0
BNBC,2026-08-07,2026-08-07 10:05:27,1915.0,1900.0,1386.0
BNBC,2026-08-07,2026-08-07 10:06:28,1915.0,1900.0,1386.0
BNBC,2026-08-07,2026-08-07 10:20:24,1915.0,1900.0,1386.0
BNBC,2026-08-07,2026-08-07 10:35:25,1915.0,1900.0,1386.0
BNBC,2026-08-07,2026-08-07 10:50:25,1915.0,1900.0,1386.0
BNBC,2026-08-07,2026-08-07 11:05:34,1915.0,1900.0,1386.0
BNBC,2026-08-07,2026-08-07 11:08:59,1915.0,1900.0,1386.0
BNBC,2026-08-07,2026-08-07 11:20:31,1915.0,1900.0,1386.0
BNBC,2026-08-07,2026-08-07 11:35:30,1915.0,1900.0,1386.0
BNBC,2026-08-07,2026-08-07 11:50:22,1915.0,1900.0,1386.0
BNBC,2026-08-07,2026-08-07 11:59:10,1915.0,1900.0,1386.0
BNBC,2026-08-07,2026-08-07 12:05:26,1915.0,1900.0,1386.0
BNBC,2026-08-07,2026-08-07 12:20:24,1915.0,1900.0,1386.0
BNBC,2026-08-07,2026-08-07 12:35:26,1915.0,1900.0,1386.0
BNBC,2026-08-07,2026-08-07 12:50:21,1915.0,1900.0,1386.0
BNBC,2026-08-07,2026-08-07 13:05:27,1915.0,1900.0,1386.0
BNBC,2026-08-07,2026-08-07 13:20:24,1915.0,1900.0,1386.0
BNBC,2026-08-07,2026-08-07 13:35:33,1915.0,1900.0,1386.0
BNBC,2026-08-07,2026-08-07 13:50:30,1915.0,1900.0,1386.0
BNBC,2026-08-07,2026-08-07 14:05:30,1915.0,1900.0,1386.0
BNBC,2026-08-07,2026-08-07 14:20:25,1915.0,1900.0,1386.0
BNBC,2026-08-07,2026-08-07 14:33:28,1915.0,1900.0,1386.0
BNBC,2026-08-07,2026-08-07 14:35:28,1915.0,1900.0,1386.0
BNBC,2026-08-07,2026-08-07 14:50:24,1915.0,1900.0,1386.0
BNBC,2026-08-07,2026-08-07 15:05:21,1915.0,1900.0,1386.0
BNBC,2026-08-10,2026-08-10 09:50:23,1900.0,1900.0,86.0
BNBC,2026-08-10,2026-08-10 10:05:33,1900.0,1900.0,86.0
BNBC,2026-08-10,2026-08-10 10:20:26,1900.0,1930.0,949.0
BNBC,2026-08-10,2026-08-10 10:24:52,1900.0,1930.0,949.0
BNBC,2026-08-10,2026-08-10 10:35:24,1900.0,1905.0,1217.0
BNBC,2026-08-10,2026-08-10 10:50:25,1900.0,1905.0,2351.0
BNBC,2026-08-10,2026-08-10 11:05:33,1900.0,1905.0,2351.0
BNBC,2026-08-10,2026-08-10 11:20:24,1900.0,1900.0,3818.0
BNBC,2026-08-10,2026-08-10 11:31:10,1900.0,1900.0,3818.0
BNBC,2026-08-10,2026-08-10 11:35:33,1900.0,1900.0,3818.0
BNBC,2026-08-10,2026-08-10 11:50:31,1900.0,1900.0,4026.0
BNBC,2026-08-10,2026-08-10 12:05:41,1900.0,1900.0,4026.0
BNBC,2026-08-10,2026-08-10 12:11:22,1900.0,1900.0,4026.0
BNBC,2026-08-10,2026-08-10 12:20:30,1900.0,1900.0,4126.0
BNBC,2026-08-10,2026-08-10 12:35:23,1900.0,1905.0,4173.0
BNBC,2026-08-10,2026-08-10 12:50:24,1900.0,1905.0,4173.0
BNBC,2026-08-10,2026-08-10 13:05:25,1900.0,1905.0,4173.0
BNBC,2026-08-10,2026-08-10 13:20:24,1900.0,1905.0,4188.0
BNBC,2026-08-10,2026-08-10 13:35:33,1900.0,1905.0,4328.0
BNBC,2026-08-10,2026-08-10 13:47:05,1900.0,1905.0,4588.0
BNBC,2026-08-10,2026-08-10 13:50:23,1900.0,1905.0,4588.0
BNBC,2026-08-10,2026-08-10 14:05:41,1900.0,1905.0,4615.0
BNBC,2026-08-10,2026-08-10 14:20:28,1900.0,1905.0,4615.0
BNBC,2026-08-10,2026-08-10 14:35:35,1900.0,1905.0,4615.0
BNBC,2026-08-10,2026-08-10 14:45:42,1900.0,1905.0,4690.0
BNBC,2026-08-10,2026-08-10 14:50:26,1900.0,1905.0,4690.0
BNBC,2026-08-10,2026-08-10 15:05:37,1900.0,1905.0,4690.0
BNBC,2026-08-11,2026-08-11 09:50:24,0.0,1905.0,0.0
BNBC,2026-08-11,2026-08-11 10:05:29,0.0,1905.0,0.0
BNBC,2026-08-11,2026-08-11 10:20:27,1900.0,1930.0,1024.0
BNBC,2026-08-11,2026-08-11 10:35:25,1900.0,1930.0,1024.0
BNBC,2026-08-11,2026-08-11 10:50:23,1900.0,1930.0,1240.0
BNBC,2026-08-11,2026-08-11 11:05:27,1900.0,1930.0,1240.0
BNBC,2026-08-11,2026-08-11 11:06:44,1900.0,1930.0,1250.0
BNBC,2026-08-11,2026-08-11 11:20:36,1900.0,1930.0,1450.0
BNBC,2026-08-11,2026-08-11 11:35:29,1900.0,1930.0,1450.0
BNBC,2026-08-11,2026-08-11 11:50:28,1900.0,1920.0,1807.0
BNBC,2026-08-11,2026-08-11 11:59:25,1900.0,1920.0,1807.0
BNBC,2026-08-11,2026-08-11 12:05:26,1900.0,1920.0,1807.0
BNBC,2026-08-11,2026-08-11 12:20:22,1900.0,1925.0,1857.0
BNBC,2026-08-11,2026-08-11 12:35:23,1900.0,1925.0,1882.0
BNBC,2026-08-11,2026-08-11 12:50:24,1900.0,1925.0,1884.0
BNBC,2026-08-11,2026-08-11 13:05:38,1900.0,1930.0,2264.0
BNBC,2026-08-11,2026-08-11 13:20:25,1900.0,1950.0,2304.0
BNBC,2026-08-11,2026-08-11 13:23:23,1900.0,1950.0,2304.0
BNBC,2026-08-11,2026-08-11 13:35:33,1900.0,1950.0,2312.0
BNBC,2026-08-11,2026-08-11 13:50:27,1900.0,1950.0,2362.0
BNBC,2026-08-11,2026-08-11 14:05:31,1900.0,1950.0,2387.0
BNBC,2026-08-11,2026-08-11 14:20:28,1900.0,1950.0,2387.0
BNBC,2026-08-11,2026-08-11 14:35:29,1900.0,1985.0,2392.0
BNBC,2026-08-11,2026-08-11 14:38:06,1900.0,1985.0,2392.0
BNBC,2026-08-11,2026-08-11 14:50:25,1900.0,1985.0,2392.0
BNBC,2026-08-11,2026-08-11 15:05:31,1900.0,1985.0,2392.0
BNBC,2026-08-12,2026-08-12 09:50:24,0.0,1985.0,0.0
BNBC,2026-08-12,2026-08-12 10:05:27,0.0,1985.0,0.0
BNBC,2026-08-12,2026-08-12 10:14:35,1940.0,1940.0,612.0
BNBC,2026-08-12,2026-08-12 10:20:25,1940.0,1940.0,612.0
BNBC,2026-08-12,2026-08-12 10:35:27,1940.0,1945.0,819.0
BNBC,2026-08-12,2026-08-12 10:50:27,1940.0,1945.0,849.0
BNBC,2026-08-12,2026-08-12 11:05:30,1940.0,1945.0,849.0
BNBC,2026-08-12,2026-08-12 11:11:46,1940.0,1945.0,849.0
BNBC,2026-08-12,2026-08-12 11:20:24,1940.0,1945.0,930.0
BNBC,2026-08-12,2026-08-12 11:35:29,1940.0,1945.0,930.0
BNBC,2026-08-12,2026-08-12 11:50:24,1940.0,1945.0,930.0
BNBC,2026-08-12,2026-08-12 12:01:11,1940.0,1945.0,930.0
BNBC,2026-08-12,2026-08-12 12:05:24,1940.0,1945.0,930.0
BNBC,2026-08-12,2026-08-12 12:20:26,1940.0,1950.0,1493.0
BNBC,2026-08-12,2026-08-12 12:35:26,1940.0,1955.0,1494.0
BNBC,2026-08-12,2026-08-12 12:50:29,1940.0,1955.0,1494.0
BNBC,2026-08-12,2026-08-12 13:05:26,1940.0,1960.0,2169.0
BNBC,2026-08-12,2026-08-12 13:20:25,1940.0,1960.0,2169.0
BNBC,2026-08-12,2026-08-12 13:35:10,1940.0,1960.0,2169.0
BNBC,2026-08-12,2026-08-12 13:50:21,1940.0,1960.0,2169.0
BNBC,2026-08-12,2026-08-12 14:05:25,1940.0,1985.0,2259.0
BNBC,2026-08-12,2026-08-12 14:20:24,1940.0,1985.0,2259.0
BNBC,2026-08-12,2026-08-12 14:35:26,1940.0,1995.0,2422.0
BNBC,2026-08-12,2026-08-12 14:39:58,1940.0,1995.0,2422.0
BNBC,2026-08-12,2026-08-12 14:50:23,1940.0,1995.0,2422.0
BNBC,2026-08-12,2026-08-12 15:05:24,1940.0,1995.0,2422.0
BNBC,2026-08-13,2026-08-13 09:50:47,2000.0,2000.0,323.0
BNBC,2026-08-13,2026-08-13 10:06:41,2000.0,1995.0,333.0
BNBC,2026-08-13,2026-08-13 10:16:45,2000.0,1995.0,1333.0
BNBC,2026-08-13,2026-08-13 10:20:57,2000.0,1995.0,1333.0
BNBC,2026-08-13,2026-08-13 10:35:44,2000.0,1985.0,2347.0
BNBC,2026-08-13,2026-08-13 10:50:49,2000.0,1970.0,2351.0
BNBC,2026-08-13,2026-08-13 11:06:04,2000.0,1970.0,2351.0
BNBC,2026-08-13,2026-08-13 11:12:33,2000.0,1970.0,2351.0
BNBC,2026-08-13,2026-08-13 11:20:52,2000.0,1970.0,2351.0
BNBC,2026-08-13,2026-08-13 11:35:48,2000.0,2000.0,2356.0
BNBC,2026-08-13,2026-08-13 11:50:51,2000.0,2000.0,2360.0
BNBC,2026-08-13,2026-08-13 12:01:33,2000.0,2000.0,2360.0
BNBC,2026-08-13,2026-08-13 12:06:38,2000.0,1970.0,2509.0
BNBC,2026-08-13,2026-08-13 12:20:21,2000.0,1970.0,2580.0
BNBC,2026-08-13,2026-08-13 12:35:26,2000.0,1970.0,2580.0
BNBC,2026-08-13,2026-08-13 12:50:23,2000.0,2000.0,2583.0
BNBC,2026-08-13,2026-08-13 13:05:34,2000.0,2000.0,2684.0
BNBC,2026-08-13,2026-08-13 13:20:25,2000.0,2000.0,2684.0
BNBC,2026-08-13,2026-08-13 13:35:30,2000.0,2000.0,2718.0
BNBC,2026-08-13,2026-08-13 13:36:16,2000.0,2000.0,2718.0
BNBC,2026-08-13,2026-08-13 13:50:25,2000.0,1995.0,2723.0
BNBC,2026-08-13,2026-08-13 14:05:31,2000.0,1995.0,2995.0
BNBC,2026-08-13,2026-08-13 14:20:30,2000.0,1995.0,2995.0
BNBC,2026-08-13,2026-08-13 14:35:27,2000.0,1995.0,2995.0
BNBC,2026-08-13,2026-08-13 14:46:00,2000.0,2000.0,3095.0
BNBC,2026-08-13,2026-08-13 14:50:28,2000.0,2000.0,3095.0
BNBC,2026-08-13,2026-08-13 15:05:31,2000.0,2000.0,3095.0
BNBC,2026-08-14,2026-08-14 09:50:21,2000.0,2050.0,399.0
BNBC,2026-08-14,2026-08-14 10:05:27,2000.0,2050.0,399.0
BNBC,2026-08-14,2026-08-14 10:12:12,2000.0,2000.0,602.0
BNBC,2026-08-14,2026-08-14 10:20:28,2000.0,1990.0,628.0
BNBC,2026-08-14,2026-08-14 10:35:24,2000.0,2000.0,678.0
BNBC,2026-08-14,2026-08-14 10:50:24,2000.0,2000.0,678.0
BNBC,2026-08-14,2026-08-14 11:05:23,2000.0,2000.0,678.0
BNBC,2026-08-14,2026-08-14 11:10:06,2000.0,2000.0,693.0
BNBC,2026-08-14,2026-08-14 11:20:25,2000.0,2000.0,693.0
BNBC,2026-08-14,2026-08-14 11:35:27,2000.0,2000.0,921.0
BNBC,2026-08-14,2026-08-14 11:50:26,2000.0,2000.0,921.0
BNBC,2026-08-14,2026-08-14 11:58:56,2000.0,2000.0,921.0
BNBC,2026-08-14,2026-08-14 12:05:24,2000.0,2000.0,921.0
BNBC,2026-08-14,2026-08-14 12:20:25,2000.0,2000.0,921.0
BNBC,2026-08-14,2026-08-14 12:35:27,2000.0,2000.0,921.0
BNBC,2026-08-14,2026-08-14 12:50:26,2000.0,2000.0,921.0
BNBC,2026-08-14,2026-08-14 13:05:24,2000.0,2000.0,921.0
BNBC,2026-08-14,2026-08-14 13:20:23,2000.0,2000.0,921.0
BNBC,2026-08-14,2026-08-14 13:23:08,2000.0,2000.0,921.0
BNBC,2026-08-14,2026-08-14 13:35:22,2000.0,2000.0,921.0
BNBC,2026-08-14,2026-08-14 13:50:23,2000.0,2000.0,921.0
BNBC,2026-08-14,2026-08-14 14:05:22,2000.0,2000.0,921.0
BNBC,2026-08-14,2026-08-14 14:20:23,2000.0,2000.0,921.0
BNBC,2026-08-14,2026-08-14 14:32:37,2000.0,2000.0,921.0
BNBC,2026-08-14,2026-08-14 14:35:23,2000.0,2000.0,921.0
BNBC,2026-08-14,2026-08-14 14:50:27,2000.0,2000.0,921.0
BNBC,2026-08-14,2026-08-14 15:05:22,2000.0,2000.0,921.0
BNBC,2026-08-17,2026-08-17 09:50:28,2000.0,2000.0,195.0
BNBC,2026-08-17,2026-08-17 09:51:34,2000.0,2000.0,195.0
BNBC,2026-08-17,2026-08-17 10:05:38,2000.0,2000.0,195.0
BNBC,2026-08-17,2026-08-17 10:20:35,2000.0,2000.0,358.0
BNBC,2026-08-17,2026-08-17 10:35:24,2000.0,1995.0,406.0
BNBC,2026-08-17,2026-08-17 10:39:34,2000.0,1995.0,406.0
BNBC,2026-08-17,2026-08-17 10:50:24,2000.0,1960.0,518.0
BNBC,2026-08-17,2026-08-17 11:05:40,2000.0,1960.0,1093.0
BNBC,2026-08-17,2026-08-17 11:20:30,2000.0,1965.0,1163.0
BNBC,2026-08-17,2026-08-17 11:35:30,2000.0,1965.0,1213.0
BNBC,2026-08-17,2026-08-17 11:43:21,2000.0,1965.0,1213.0
BNBC,2026-08-17,2026-08-17 11:50:26,2000.0,1960.0,2190.0
BNBC,2026-08-17,2026-08-17 12:01:24,2000.0,1960.0,2190.0
BNBC,2026-08-17,2026-08-17 12:05:52,2000.0,1960.0,2190.0
BNBC,2026-08-17,2026-08-17 12:20:35,2000.0,1965.0,2608.0
BNBC,2026-08-17,2026-08-17 12:35:24,2000.0,1965.0,2608.0
BNBC,2026-08-17,2026-08-17 12:50:36,2000.0,1990.0,2625.0
BNBC,2026-08-17,2026-08-17 12:59:20,2000.0,1990.0,2625.0
BNBC,2026-08-17,2026-08-17 13:05:37,2000.0,1990.0,2625.0
BNBC,2026-08-17,2026-08-17 13:20:35,2000.0,1990.0,2651.0
BNBC,2026-08-17,2026-08-17 13:35:28,2000.0,1990.0,2651.0
BNBC,2026-08-17,2026-08-17 13:44:42,2000.0,1990.0,2651.0
BNBC,2026-08-17,2026-08-17 13:50:25,2000.0,1965.0,2702.0
BNBC,2026-08-17,2026-08-17 14:05:51,2000.0,1965.0,2702.0
BNBC,2026-08-17,2026-08-17 14:11:33,2000.0,1965.0,2702.0
BNBC,2026-08-17,2026-08-17 14:20:22,2000.0,1965.0,2702.0
BNBC,2026-08-17,2026-08-17 14:35:25,2000.0,1965.0,2702.0
BNBC,2026-08-17,2026-08-17 14:47:20,2000.0,1985.0,2715.0
BNBC,2026-08-17,2026-08-17 14:50:26,2000.0,1985.0,2715.0
BNBC,2026-08-17,2026-08-17 15:05:24,2000.0,1985.0,2715.0
BNBC,2026-08-18,2026-08-18 09:50:23,2000.0,2000.0,574.0
BNBC,2026-08-18,2026-08-18 10:05:23,2000.0,2000.0,574.0
BNBC,2026-08-18,2026-08-18 10:10:31,2000.0,2000.0,587.0
BNBC,2026-08-18,2026-08-18 10:20:23,2000.0,2000.0,592.0
BNBC,2026-08-18,2026-08-18 10:35:24,2000.0,2000.0,592.0
BNBC,2026-08-18,2026-08-18 10:48:42,2000.0,1990.0,1028.0
BNBC,2026-08-18,2026-08-18 10:50:27,2000.0,1990.0,1028.0
BNBC,2026-08-18,2026-08-18 11:05:26,2000.0,1990.0,1028.0
BNBC,2026-08-18,2026-08-18 11:11:11,2000.0,2000.0,1187.0
BNBC,2026-08-18,2026-08-18 11:20:25,2000.0,2000.0,1187.0
BNBC,2026-08-18,2026-08-18 11:35:21,2000.0,2000.0,1199.0
BNBC,2026-08-18,2026-08-18 11:43:29,2000.0,2000.0,1199.0
BNBC,2026-08-18,2026-08-18 11:50:29,2000.0,2000.0,1305.0
BNBC,2026-08-18,2026-08-18 12:03:03,2000.0,2000.0,1305.0
BNBC,2026-08-18,2026-08-18 12:05:26,2000.0,2000.0,1305.0
BNBC,2026-08-18,2026-08-18 12:20:24,2000.0,2000.0,1313.0
BNBC,2026-08-18,2026-08-18 12:35:22,2000.0,1990.0,1323.0
BNBC,2026-08-18,2026-08-18 12:50:24,2000.0,1990.0,1323.0
BNBC,2026-08-18,2026-08-18 13:02:21,2000.0,1990.0,1323.0
BNBC,2026-08-18,2026-08-18 13:05:28,2000.0,1990.0,1323.0
BNBC,2026-08-18,2026-08-18 13:20:22,2000.0,1990.0,1377.0
BNBC,2026-08-18,2026-08-18 13:35:22,2000.0,1990.0,1801.0
BNBC,2026-08-18,2026-08-18 13:50:20,2000.0,1990.0,1904.0
BNBC,2026-08-18,2026-08-18 14:05:42,2000.0,1990.0,1904.0
BNBC,2026-08-18,2026-08-18 14:18:43,2000.0,1990.0,1904.0
BNBC,2026-08-18,2026-08-18 14:20:27,2000.0,1990.0,1904.0
BNBC,2026-08-18,2026-08-18 14:35:22,2000.0,1995.0,1907.0
BNBC,2026-08-18,2026-08-18 14:50:26,2000.0,1995.0,1907.0
BNBC,2026-08-18,2026-08-18 14:55:52,2000.0,1995.0,1907.0
BNBC,2026-08-18,2026-08-18 15:05:29,2000.0,1995.0,1907.0
BNBC,2026-08-19,2026-08-19 09:50:22,1995.0,1995.0,129.0
BNBC,2026-08-19,2026-08-19 10:05:30,1995.0,1995.0,129.0
BNBC,2026-08-19,2026-08-19 10:10:52,1995.0,2000.0,231.0
BNBC,2026-08-19,2026-08-19 10:20:26,1995.0,2000.0,271.0
BNBC,2026-08-19,2026-08-19 10:35:22,1995.0,1995.0,328.0
BNBC,2026-08-19,2026-08-19 10:47:52,1995.0,2000.0,632.0
BNBC,2026-08-19,2026-08-19 10:50:24,1995.0,2000.0,632.0
BNBC,2026-08-19,2026-08-19 11:05:31,1995.0,2000.0,632.0
BNBC,2026-08-19,2026-08-19 11:10:11,1995.0,2000.0,632.0
BNBC,2026-08-19,2026-08-19 11:20:22,1995.0,2000.0,632.0
BNBC,2026-08-19,2026-08-19 11:35:24,1995.0,1995.0,1481.0
BNBC,2026-08-19,2026-08-19 11:42:54,1995.0,1995.0,1481.0
BNBC,2026-08-19,2026-08-19 11:50:24,1995.0,1995.0,1497.0
BNBC,2026-08-19,2026-08-19 12:02:28,1995.0,1995.0,1497.0
BNBC,2026-08-19,2026-08-19 12:05:28,1995.0,1995.0,1497.0
BNBC,2026-08-19,2026-08-19 12:20:30,1995.0,1990.0,1704.0
BNBC,2026-08-19,2026-08-19 12:35:31,1995.0,1990.0,1729.0
BNBC,2026-08-19,2026-08-19 12:50:24,1995.0,1990.0,1741.0
BNBC,2026-08-19,2026-08-19 13:03:15,1995.0,1990.0,1741.0
BNBC,2026-08-19,2026-08-19 13:05:32,1995.0,1990.0,2261.0
BNBC,2026-08-19,2026-08-19 13:20:27,1995.0,1990.0,2263.0
BNBC,2026-08-19,2026-08-19 13:35:23,1995.0,1990.0,2264.0
BNBC,2026-08-19,2026-08-19 13:50:22,1995.0,1990.0,2264.0
BNBC,2026-08-19,2026-08-19 13:51:36,1995.0,1990.0,2264.0
BNBC,2026-08-19,2026-08-19 14:05:35,1995.0,1990.0,2311.0
BNBC,2026-08-19,2026-08-19 14:20:26,1995.0,1990.0,2311.0
BNBC,2026-08-19,2026-08-19 14:40:25,1995.0,1990.0,2320.0
BNBC,2026-08-19,2026-08-19 14:41:46,1995.0,1990.0,2320.0
BNBC,2026-08-19,2026-08-19 14:50:27,1995.0,1990.0,2320.0
BNBC,2026-08-19,2026-08-19 15:05:40,1995.0,1990.0,2320.0
BNBC,2026-08-20,2026-08-20 09:50:20,1985.0,1995.0,238.0
BNBC,2026-08-20,2026-08-20 10:05:26,1985.0,1995.0,238.0
BNBC,2026-08-20,2026-08-20 10:12:44,1985.0,1990.0,538.0
BNBC,2026-08-20,2026-08-20 10:20:25,1985.0,1990.0,538.0
BNBC,2026-08-20,2026-08-20 10:35:25,1985.0,1995.0,559.0
BNBC,2026-08-20,2026-08-20 10:49:25,1985.0,1995.0,589.0
BNBC,2026-08-20,2026-08-20 10:50:24,1985.0,1995.0,589.0
BNBC,2026-08-20,2026-08-20 11:05:25,1985.0,1995.0,589.0
BNBC,2026-08-20,2026-08-20 11:12:34,1985.0,1995.0,601.0
BNBC,2026-08-20,2026-08-20 11:20:26,1985.0,1995.0,621.0
BNBC,2026-08-20,2026-08-20 11:35:24,1985.0,1995.0,987.0
BNBC,2026-08-20,2026-08-20 11:45:26,1985.0,1995.0,987.0
BNBC,2026-08-20,2026-08-20 11:50:22,1985.0,1995.0,987.0
BNBC,2026-08-20,2026-08-20 12:05:23,1985.0,1995.0,987.0
BNBC,2026-08-20,2026-08-20 12:14:41,1985.0,1990.0,1073.0
BNBC,2026-08-20,2026-08-20 12:20:25,1985.0,1990.0,1073.0
BNBC,2026-08-20,2026-08-20 12:35:23,1985.0,1990.0,1073.0
BNBC,2026-08-20,2026-08-20 12:50:25,1985.0,1990.0,1088.0
BNBC,2026-08-20,2026-08-20 13:05:36,1985.0,1990.0,1103.0
BNBC,2026-08-20,2026-08-20 13:13:18,1985.0,1990.0,1103.0
BNBC,2026-08-20,2026-08-20 13:20:28,1985.0,1985.0,1144.0
BNBC,2026-08-20,2026-08-20 13:35:28,1985.0,1990.0,1157.0
BNBC,2026-08-20,2026-08-20 13:50:25,1985.0,1990.0,1250.0
BNBC,2026-08-20,2026-08-20 14:01:33,1985.0,1990.0,1250.0
BNBC,2026-08-20,2026-08-20 14:05:27,1985.0,1990.0,1355.0
BNBC,2026-08-20,2026-08-20 14:20:25,1985.0,1990.0,1355.0
BNBC,2026-08-20,2026-08-20 14:35:31,1985.0,1990.0,1382.0
BNBC,2026-08-20,2026-08-20 14:45:15,1985.0,1990.0,1382.0
BNBC,2026-08-20,2026-08-20 14:50:28,1985.0,1990.0,1382.0
BNBC,2026-08-20,2026-08-20 15:05:32,1985.0,1990.0,1382.0
BNBC,2026-08-21,2026-08-21 09:50:22,1990.0,1985.0,25.0
BNBC,2026-08-21,2026-08-21 10:05:30,1990.0,1985.0,25.0
BNBC,2026-08-21,2026-08-21 10:13:13,1990.0,1990.0,463.0
BNBC,2026-08-21,2026-08-21 10:20:32,1990.0,1990.0,463.0
BNBC,2026-08-21,2026-08-21 10:35:26,1990.0,1995.0,695.0
BNBC,2026-08-21,2026-08-21 10:49:55,1990.0,1990.0,745.0
BNBC,2026-08-21,2026-08-21 10:50:28,1990.0,1990.0,745.0
BNBC,2026-08-21,2026-08-21 11:05:34,1990.0,1990.0,745.0
BNBC,2026-08-21,2026-08-21 11:12:47,1990.0,1995.0,858.0
BNBC,2026-08-21,2026-08-21 11:20:25,1990.0,1995.0,888.0
BNBC,2026-08-21,2026-08-21 11:35:21,1990.0,1995.0,910.0
BNBC,2026-08-21,2026-08-21 11:44:48,1990.0,1995.0,910.0
BNBC,2026-08-21,2026-08-21 11:50:31,1990.0,1995.0,912.0
BNBC,2026-08-21,2026-08-21 12:04:40,1990.0,1995.0,912.0
BNBC,2026-08-21,2026-08-21 12:05:31,1990.0,1995.0,912.0
BNBC,2026-08-21,2026-08-21 12:20:22,1990.0,1990.0,1776.0
BNBC,2026-08-21,2026-08-21 12:35:21,1990.0,1995.0,1805.0
BNBC,2026-08-21,2026-08-21 12:50:25,1990.0,1995.0,1823.0
BNBC,2026-08-21,2026-08-21 13:05:04,1990.0,1995.0,1823.0
BNBC,2026-08-21,2026-08-21 13:20:33,1990.0,1995.0,2136.0
BNBC,2026-08-21,2026-08-21 13:35:25,1990.0,1995.0,2136.0
BNBC,2026-08-21,2026-08-21 13:50:22,1990.0,1990.0,3136.0
BNBC,2026-08-21,2026-08-21 13:54:02,1990.0,1990.0,3136.0
BNBC,2026-08-21,2026-08-21 14:05:29,1990.0,1990.0,3136.0
BNBC,2026-08-21,2026-08-21 14:20:25,1990.0,1990.0,3436.0
BNBC,2026-08-21,2026-08-21 14:35:35,1990.0,1990.0,3586.0
BNBC,2026-08-21,2026-08-21 14:43:21,1990.0,1990.0,3586.0
BNBC,2026-08-21,2026-08-21 14:50:28,1990.0,1990.0,3586.0
BNBC,2026-08-21,2026-08-21 15:05:28,1990.0,1990.0,3586.0
BNBC,2026-08-24,2026-08-24 09:50:25,1990.0,1990.0,176.0
BNBC,2026-08-24,2026-08-24 09:55:54,1990.0,1990.0,176.0
BNBC,2026-08-24,2026-08-24 10:05:55,1990.0,1990.0,176.0
BNBC,2026-08-24,2026-08-24 10:20:35,1990.0,2000.0,309.0
BNBC,2026-08-24,2026-08-24 10:35:24,1990.0,2000.0,309.0
BNBC,2026-08-24,2026-08-24 10:44:15,1990.0,2000.0,309.0
BNBC,2026-08-24,2026-08-24 10:50:26,1990.0,2000.0,346.0
BNBC,2026-08-24,2026-08-24 11:05:29,1990.0,2000.0,346.0
BNBC,2026-08-24,2026-08-24 11:13:04,1990.0,2000.0,396.0
BNBC,2026-08-24,2026-08-24 11:20:24,1990.0,2000.0,411.0
BNBC,2026-08-24,2026-08-24 11:35:24,1990.0,1990.0,517.0
BNBC,2026-08-24,2026-08-24 11:45:42,1990.0,1990.0,634.0
BNBC,2026-08-24,2026-08-24 11:50:28,1990.0,1990.0,634.0
BNBC,2026-08-24,2026-08-24 12:05:29,1990.0,1990.0,634.0
BNBC,2026-08-24,2026-08-24 12:15:35,1990.0,1990.0,677.0
BNBC,2026-08-24,2026-08-24 12:20:25,1990.0,1990.0,677.0
BNBC,2026-08-24,2026-08-24 12:35:22,1990.0,1990.0,677.0
BNBC,2026-08-24,2026-08-24 12:50:34,1990.0,1990.0,677.0
BNBC,2026-08-24,2026-08-24 13:05:35,1990.0,1990.0,677.0
BNBC,2026-08-24,2026-08-24 13:15:37,1990.0,1990.0,677.0
BNBC,2026-08-24,2026-08-24 13:20:25,1990.0,1990.0,677.0
BNBC,2026-08-24,2026-08-24 13:56:37,1990.0,1990.0,3094.0
BNBC,2026-08-24,2026-08-24 14:04:25,1990.0,1990.0,3094.0
BNBC,2026-08-24,2026-08-24 14:05:31,1990.0,1990.0,3144.0
BNBC,2026-08-24,2026-08-24 14:20:25,1990.0,1990.0,3144.0
BNBC,2026-08-24,2026-08-24 14:35:24,1990.0,1990.0,3163.0
BNBC,2026-08-24,2026-08-24 14:50:24,1990.0,1990.0,3163.0
BNBC,2026-08-24,2026-08-24 14:54:13,1990.0,1990.0,3163.0
BNBC,2026-08-24,2026-08-24 15:05:23,1990.0,1990.0,3163.0
BNBC,2026-08-25,2026-08-25 09:50:24,1990.0,1990.0,3163.0
BNBC,2026-08-25,2026-08-25 10:05:23,1990.0,1990.0,3163.0
BNBC,2026-08-25,2026-08-25 10:14:25,1990.0,1990.0,3163.0
BNBC,2026-08-25,2026-08-25 10:20:25,1990.0,1990.0,3163.0
BNBC,2026-08-25,2026-08-25 10:35:29,1990.0,1990.0,3163.0
BNBC,2026-08-25,2026-08-25 10:50:27,1990.0,1990.0,3163.0
BNBC,2026-08-25,2026-08-25 10:51:40,1990.0,1990.0,3163.0
BNBC,2026-08-25,2026-08-25 11:05:29,1990.0,1990.0,3163.0
BNBC,2026-08-25,2026-08-25 11:20:36,1990.0,1990.0,3163.0
BNBC,2026-08-25,2026-08-25 11:35:27,1990.0,1990.0,3163.0
BNBC,2026-08-25,2026-08-25 11:50:24,1990.0,1990.0,3163.0
BNBC,2026-08-25,2026-08-25 12:05:27,1990.0,1990.0,3163.0
BNBC,2026-08-25,2026-08-25 12:15:57,1990.0,1990.0,3163.0
BNBC,2026-08-25,2026-08-25 12:20:23,1990.0,1990.0,3163.0
BNBC,2026-08-25,2026-08-25 12:35:25,1990.0,1990.0,3163.0
BNBC,2026-08-25,2026-08-25 12:50:26,1990.0,1990.0,3163.0
BNBC,2026-08-25,2026-08-25 13:05:26,1990.0,1990.0,3163.0
BNBC,2026-08-25,2026-08-25 13:13:55,1990.0,1990.0,3163.0
BNBC,2026-08-25,2026-08-25 13:20:25,1990.0,1990.0,3163.0
BNBC,2026-08-25,2026-08-25 13:35:28,1990.0,1990.0,3163.0
BNBC,2026-08-25,2026-08-25 13:50:25,1990.0,1990.0,3163.0
BNBC,2026-08-25,2026-08-25 14:05:24,1990.0,1990.0,3163.0
BNBC,2026-08-25,2026-08-25 14:06:37,1990.0,1990.0,3163.0
BNBC,2026-08-25,2026-08-25 14:20:26,1990.0,1990.0,3163.0
BNBC,2026-08-25,2026-08-25 14:35:24,1990.0,1990.0,3163.0
BNBC,2026-08-25,2026-08-25 14:50:24,1990.0,1990.0,3163.0
BNBC,2026-08-25,2026-08-25 15:05:25,1990.0,1990.0,3163.0
BNBC,2026-08-26,2026-08-26 09:50:27,1990.0,2000.0,181.0
BNBC,2026-08-26,2026-08-26 10:05:27,1990.0,2000.0,181.0
BNBC,2026-08-26,2026-08-26 10:20:31,1990.0,2000.0,379.0
BNBC,2026-08-26,2026-08-26 10:35:21,1990.0,1995.0,1025.0
BNBC,2026-08-26,2026-08-26 10:42:10,1990.0,1995.0,1025.0
BNBC,2026-08-26,2026-08-26 10:50:25,1990.0,2000.0,1048.0
BNBC,2026-08-26,2026-08-26 11:05:21,1990.0,2000.0,1048.0
BNBC,2026-08-26,2026-08-26 11:13:29,1990.0,2000.0,2902.0
BNBC,2026-08-26,2026-08-26 11:20:24,1990.0,2000.0,2924.0
BNBC,2026-08-26,2026-08-26 11:35:24,1990.0,2000.0,2974.0
BNBC,2026-08-26,2026-08-26 11:47:27,1990.0,2000.0,5206.0
BNBC,2026-08-26,2026-08-26 11:50:22,1990.0,2000.0,5206.0
BNBC,2026-08-26,2026-08-26 12:05:30,1990.0,2000.0,5206.0
BNBC,2026-08-26,2026-08-26 12:18:44,1990.0,2000.0,8540.0
BNBC,2026-08-26,2026-08-26 12:20:22,1990.0,2000.0,8540.0
BNBC,2026-08-26,2026-08-26 12:35:24,1990.0,2120.0,9209.0
BNBC,2026-08-26,2026-08-26 12:50:24,1990.0,2135.0,9359.0
BNBC,2026-08-26,2026-08-26 13:05:29,1990.0,2135.0,9359.0
BNBC,2026-08-26,2026-08-26 13:20:25,1990.0,2135.0,9445.0
BNBC,2026-08-26,2026-08-26 13:27:30,1990.0,2135.0,9445.0
BNBC,2026-08-26,2026-08-26 13:35:24,1990.0,2135.0,9457.0
BNBC,2026-08-26,2026-08-26 13:50:25,1990.0,2135.0,9457.0
BNBC,2026-08-26,2026-08-26 14:05:25,1990.0,2135.0,9457.0
BNBC,2026-08-26,2026-08-26 14:20:14,1990.0,2135.0,9510.0
BNBC,2026-08-26,2026-08-26 14:35:24,1990.0,2135.0,10030.0
BNBC,2026-08-26,2026-08-26 14:50:27,1990.0,2135.0,10030.0
BNBC,2026-08-27,2026-08-27 09:50:28,0.0,2135.0,0.0
BNBC,2026-08-27,2026-08-27 10:05:22,0.0,2135.0,0.0
BNBC,2026-08-27,2026-08-27 10:20:21,2200.0,2200.0,719.0
BNBC,2026-08-27,2026-08-27 10:35:22,2200.0,2295.0,912.0
BNBC,2026-08-27,2026-08-27 10:50:31,2200.0,2295.0,1010.0
BNBC,2026-08-27,2026-08-27 11:05:23,2200.0,2295.0,1010.0
BNBC,2026-08-27,2026-08-27 11:20:28,2200.0,2295.0,1297.0
BNBC,2026-08-27,2026-08-27 11:35:26,2200.0,2295.0,1308.0
BNBC,2026-08-27,2026-08-27 11:50:24,2200.0,2295.0,1308.0
BNBC,2026-08-27,2026-08-27 12:05:26,2200.0,2295.0,1308.0
BNBC,2026-08-27,2026-08-27 12:20:24,2200.0,2295.0,1308.0
BNBC,2026-08-27,2026-08-27 12:35:24,2200.0,2295.0,1308.0
BNBC,2026-08-27,2026-08-27 12:50:33,2200.0,2295.0,1308.0
BNBC,2026-08-27,2026-08-27 13:05:34,2200.0,2295.0,1363.0
BNBC,2026-08-27,2026-08-27 13:20:27,2200.0,2295.0,1378.0
BNBC,2026-08-27,2026-08-27 13:35:27,2200.0,2295.0,1378.0
BNBC,2026-08-27,2026-08-27 13:50:29,2200.0,2295.0,1517.0
BNBC,2026-08-27,2026-08-27 14:05:33,2200.0,2295.0,1517.0
BNBC,2026-08-27,2026-08-27 14:20:26,2200.0,2295.0,1568.0
BNBC,2026-08-27,2026-08-27 14:35:24,2200.0,2295.0,1568.0
BNBC,2026-08-27,2026-08-27 14:50:27,2200.0,2295.0,1648.0
BNBC,2026-08-27,2026-08-27 15:05:27,2200.0,2295.0,1648.0
BNBC,2026-08-28,2026-08-28 09:50:30,0.0,2295.0,0.0
BNBC,2026-08-28,2026-08-28 10:05:43,0.0,2295.0,0.0
BNBC,2026-08-28,2026-08-28 10:20:27,2440.0,2380.0,1558.0
BNBC,2026-08-28,2026-08-28 10:35:25,2440.0,2295.0,2586.0
BNBC,2026-08-28,2026-08-28 10:50:20,2440.0,2250.0,2843.0
BNBC,2026-08-28,2026-08-28 11:05:32,2440.0,2250.0,2843.0
BNBC,2026-08-28,2026-08-28 11:20:29,2440.0,2250.0,2975.0
BNBC,2026-08-28,2026-08-28 11:35:25,2440.0,2260.0,3045.0
BNBC,2026-08-28,2026-08-28 11:50:24,2440.0,2260.0,3060.0
