timestamp,date,success,errors,total
2026-05-28 13:33:55,2026-05-28,0,1,1
2026-05-28 13:34:15,2026-05-28,47,0,47
2026-05-28 13:37:27,2026-05-28,47,0,47
2026-05-28 13:37:36,2026-05-28,47,0,47
2026-05-28 14:20:03,2026-05-28,47,0,47
2026-05-28 14:35:03,2026-05-28,47,0,47
2026-05-28 14:50:03,2026-05-28,47,0,47
2026-05-28 15:05:05,2026-05-28,47,0,47
2026-05-28 15:20:03,2026-05-28,47,0,47
2026-05-28 15:35:02,2026-05-28,47,0,47
2026-05-28 15:50:03,2026-05-28,47,0,47
2026-05-28 16:05:03,2026-05-28,47,0,47
2026-05-28 16:20:03,2026-05-28,47,0,47
2026-05-28 16:35:02,2026-05-28,47,0,47
2026-05-28 16:50:25,2026-05-28,47,0,47
2026-05-28 19:55:40,2026-05-28,47,0,47
2026-05-28 19:57:31,2026-05-28,47,0,47
2026-05-28 19:57:38,2026-05-28,47,0,47
2026-05-29 09:34:45,2026-05-29,47,0,47
2026-05-29 10:15:51,2026-05-29,47,0,47
2026-05-29 11:20:26,2026-05-29,47,0,47
2026-05-29 11:55:27,2026-05-29,47,0,47
2026-05-29 12:04:43,2026-05-29,47,0,47
2026-05-29 12:05:34,2026-05-29,47,0,47
2026-05-29 12:15:27,2026-05-29,47,0,47
2026-05-29 12:25:04,2026-05-29,47,0,47
2026-05-29 12:56:03,2026-05-29,47,0,47
2026-05-29 12:58:29,2026-05-29,47,0,47
2026-05-29 13:05:25,2026-05-29,47,0,47
2026-05-29 13:20:30,2026-05-29,47,0,47
2026-05-29 13:35:27,2026-05-29,47,0,47
2026-05-29 13:50:29,2026-05-29,47,0,47
2026-05-29 14:05:34,2026-05-29,47,0,47
2026-05-29 14:20:23,2026-05-29,47,0,47
2026-05-29 14:35:25,2026-05-29,47,0,47
2026-05-29 14:50:26,2026-05-29,47,0,47
2026-05-29 15:05:35,2026-05-29,47,0,47
2026-05-29 15:20:29,2026-05-29,47,0,47
2026-05-29 15:35:29,2026-05-29,47,0,47
2026-05-29 15:50:37,2026-05-29,47,0,47
2026-05-29 16:25:27,2026-05-29,47,0,47
2026-06-01 09:50:26,2026-06-01,47,0,47
2026-06-01 10:05:31,2026-06-01,47,0,47
2026-06-01 10:20:23,2026-06-01,47,0,47
2026-06-01 10:35:21,2026-06-01,47,0,47
2026-06-01 10:50:23,2026-06-01,47,0,47
2026-06-01 11:05:28,2026-06-01,47,0,47
2026-06-01 11:20:26,2026-06-01,47,0,47
2026-06-01 11:35:27,2026-06-01,47,0,47
2026-06-01 11:50:23,2026-06-01,47,0,47
2026-06-01 12:05:27,2026-06-01,47,0,47
2026-06-01 12:20:27,2026-06-01,47,0,47
2026-06-01 12:35:25,2026-06-01,47,0,47
2026-06-01 12:50:25,2026-06-01,47,0,47
2026-06-01 13:05:26,2026-06-01,47,0,47
2026-06-01 13:20:28,2026-06-01,47,0,47
2026-06-01 13:35:26,2026-06-01,47,0,47
2026-06-01 13:50:29,2026-06-01,47,0,47
2026-06-01 14:05:29,2026-06-01,47,0,47
2026-06-01 14:20:30,2026-06-01,47,0,47
2026-06-01 14:35:28,2026-06-01,47,0,47
2026-06-01 14:50:32,2026-06-01,47,0,47
2026-06-01 15:05:33,2026-06-01,47,0,47
2026-06-02 09:50:24,2026-06-02,47,0,47
2026-06-02 10:05:25,2026-06-02,47,0,47
2026-06-02 10:20:23,2026-06-02,47,0,47
2026-06-02 10:35:22,2026-06-02,47,0,47
2026-06-02 10:50:23,2026-06-02,47,0,47
2026-06-02 11:05:25,2026-06-02,47,0,47
2026-06-02 11:20:25,2026-06-02,47,0,47
2026-06-02 11:35:27,2026-06-02,47,0,47
2026-06-02 11:50:25,2026-06-02,47,0,47
2026-06-02 12:05:24,2026-06-02,47,0,47
2026-06-02 12:20:23,2026-06-02,47,0,47
2026-06-02 12:35:28,2026-06-02,47,0,47
2026-06-02 12:49:21,2026-06-02,47,0,47
2026-06-02 12:50:26,2026-06-02,47,0,47
2026-06-02 13:05:25,2026-06-02,47,0,47
2026-06-02 13:20:27,2026-06-02,47,0,47
2026-06-02 13:35:29,2026-06-02,47,0,47
2026-06-02 13:50:31,2026-06-02,47,0,47
2026-06-02 14:05:31,2026-06-02,47,0,47
2026-06-02 14:20:29,2026-06-02,47,0,47
2026-06-02 14:35:30,2026-06-02,47,0,47
2026-06-02 14:50:29,2026-06-02,47,0,47
2026-06-02 15:05:32,2026-06-02,47,0,47
2026-06-03 09:50:26,2026-06-03,47,0,47
2026-06-03 10:05:30,2026-06-03,47,0,47
2026-06-03 10:20:22,2026-06-03,47,0,47
2026-06-03 10:35:26,2026-06-03,47,0,47
2026-06-03 10:50:23,2026-06-03,47,0,47
2026-06-03 11:05:27,2026-06-03,47,0,47
2026-06-03 11:20:24,2026-06-03,47,0,47
2026-06-03 11:35:23,2026-06-03,47,0,47
2026-06-03 11:50:28,2026-06-03,47,0,47
2026-06-03 12:05:28,2026-06-03,47,0,47
2026-06-03 12:20:26,2026-06-03,47,0,47
2026-06-03 12:35:27,2026-06-03,47,0,47
2026-06-03 12:50:25,2026-06-03,47,0,47
2026-06-03 13:05:28,2026-06-03,47,0,47
2026-06-03 13:20:26,2026-06-03,47,0,47
2026-06-03 13:23:28,2026-06-03,47,0,47
2026-06-03 13:35:29,2026-06-03,47,0,47
2026-06-03 13:50:28,2026-06-03,47,0,47
2026-06-03 14:05:28,2026-06-03,47,0,47
2026-06-03 14:20:31,2026-06-03,47,0,47
2026-06-03 14:35:31,2026-06-03,47,0,47
2026-06-03 14:50:33,2026-06-03,47,0,47
2026-06-03 15:05:32,2026-06-03,47,0,47
2026-06-04 09:50:24,2026-06-04,47,0,47
2026-06-04 10:05:21,2026-06-04,47,0,47
2026-06-04 10:20:27,2026-06-04,47,0,47
2026-06-04 10:35:26,2026-06-04,47,0,47
2026-06-04 10:50:27,2026-06-04,47,0,47
2026-06-04 11:05:24,2026-06-04,47,0,47
2026-06-04 11:20:26,2026-06-04,47,0,47
2026-06-04 11:35:23,2026-06-04,47,0,47
2026-06-04 11:50:22,2026-06-04,47,0,47
2026-06-04 12:05:25,2026-06-04,47,0,47
2026-06-04 12:10:10,2026-06-04,47,0,47
2026-06-04 12:20:28,2026-06-04,47,0,47
2026-06-04 12:35:27,2026-06-04,47,0,47
2026-06-04 12:50:24,2026-06-04,47,0,47
2026-06-04 13:05:26,2026-06-04,47,0,47
2026-06-04 13:20:30,2026-06-04,47,0,47
2026-06-04 13:35:30,2026-06-04,47,0,47
2026-06-04 13:50:27,2026-06-04,47,0,47
2026-06-04 14:05:32,2026-06-04,47,0,47
2026-06-04 14:20:30,2026-06-04,47,0,47
2026-06-04 14:35:25,2026-06-04,47,0,47
2026-06-04 14:50:27,2026-06-04,47,0,47
2026-06-04 15:05:35,2026-06-04,47,0,47
2026-06-05 09:50:22,2026-06-05,47,0,47
2026-06-05 10:05:23,2026-06-05,47,0,47
2026-06-05 10:20:26,2026-06-05,47,0,47
2026-06-05 10:35:24,2026-06-05,47,0,47
2026-06-05 10:50:24,2026-06-05,47,0,47
2026-06-05 11:05:23,2026-06-05,47,0,47
2026-06-05 11:20:22,2026-06-05,47,0,47
2026-06-05 11:35:27,2026-06-05,47,0,47
2026-06-05 11:50:22,2026-06-05,47,0,47
2026-06-05 12:05:26,2026-06-05,47,0,47
2026-06-05 12:17:26,2026-06-05,47,0,47
2026-06-05 12:20:24,2026-06-05,47,0,47
2026-06-05 12:35:23,2026-06-05,47,0,47
2026-06-05 12:50:25,2026-06-05,47,0,47
2026-06-05 13:05:28,2026-06-05,47,0,47
2026-06-05 13:20:27,2026-06-05,47,0,47
2026-06-05 13:35:26,2026-06-05,47,0,47
2026-06-05 13:50:26,2026-06-05,47,0,47
2026-06-05 14:05:26,2026-06-05,47,0,47
2026-06-05 14:20:29,2026-06-05,47,0,47
2026-06-05 14:35:24,2026-06-05,47,0,47
2026-06-05 14:50:23,2026-06-05,47,0,47
2026-06-05 15:05:26,2026-06-05,47,0,47
2026-06-08 09:50:39,2026-06-08,47,0,47
2026-06-08 10:05:28,2026-06-08,47,0,47
2026-06-08 10:20:24,2026-06-08,47,0,47
2026-06-08 10:51:51,2026-06-08,47,0,47
2026-06-08 11:05:30,2026-06-08,47,0,47
2026-06-08 11:20:26,2026-06-08,47,0,47
2026-06-08 11:35:27,2026-06-08,47,0,47
2026-06-08 11:50:23,2026-06-08,47,0,47
2026-06-08 12:05:26,2026-06-08,47,0,47
2026-06-08 12:20:25,2026-06-08,47,0,47
2026-06-08 12:35:28,2026-06-08,47,0,47
2026-06-08 12:50:27,2026-06-08,47,0,47
2026-06-08 13:05:38,2026-06-08,47,0,47
2026-06-08 13:14:16,2026-06-08,47,0,47
2026-06-08 13:20:28,2026-06-08,47,0,47
2026-06-08 13:35:29,2026-06-08,47,0,47
2026-06-08 13:50:37,2026-06-08,47,0,47
2026-06-08 14:05:29,2026-06-08,47,0,47
2026-06-08 14:20:28,2026-06-08,47,0,47
2026-06-08 14:35:30,2026-06-08,47,0,47
2026-06-08 14:50:27,2026-06-08,47,0,47
2026-06-08 15:05:32,2026-06-08,47,0,47
2026-06-09 09:50:29,2026-06-09,47,0,47
2026-06-09 10:05:28,2026-06-09,47,0,47
2026-06-09 10:20:22,2026-06-09,47,0,47
2026-06-09 10:35:29,2026-06-09,47,0,47
2026-06-09 10:50:22,2026-06-09,47,0,47
2026-06-09 11:05:27,2026-06-09,47,0,47
2026-06-09 11:20:26,2026-06-09,47,0,47
2026-06-09 11:35:24,2026-06-09,47,0,47
2026-06-09 11:50:22,2026-06-09,47,0,47
2026-06-09 12:05:27,2026-06-09,47,0,47
2026-06-09 12:13:03,2026-06-09,47,0,47
2026-06-09 12:20:28,2026-06-09,47,0,47
2026-06-09 12:35:28,2026-06-09,47,0,47
2026-06-09 12:50:26,2026-06-09,47,0,47
2026-06-09 13:05:29,2026-06-09,47,0,47
2026-06-09 13:20:24,2026-06-09,47,0,47
2026-06-09 13:35:25,2026-06-09,47,0,47
2026-06-09 13:50:30,2026-06-09,47,0,47
2026-06-09 14:05:25,2026-06-09,47,0,47
2026-06-09 14:20:28,2026-06-09,47,0,47
2026-06-09 14:35:30,2026-06-09,47,0,47
2026-06-09 14:50:30,2026-06-09,47,0,47
2026-06-09 15:05:33,2026-06-09,47,0,47
2026-06-10 09:50:30,2026-06-10,47,0,47
2026-06-10 10:05:30,2026-06-10,47,0,47
2026-06-10 10:20:23,2026-06-10,47,0,47
2026-06-10 10:35:33,2026-06-10,47,0,47
2026-06-10 10:50:25,2026-06-10,47,0,47
2026-06-10 11:05:27,2026-06-10,47,0,47
2026-06-10 11:20:34,2026-06-10,47,0,47
2026-06-10 11:35:43,2026-06-10,47,0,47
2026-06-10 11:50:27,2026-06-10,47,0,47
2026-06-10 12:05:29,2026-06-10,47,0,47
2026-06-10 12:20:24,2026-06-10,47,0,47
2026-06-10 12:32:00,2026-06-10,47,0,47
2026-06-10 12:35:30,2026-06-10,47,0,47
2026-06-10 12:50:40,2026-06-10,47,0,47
2026-06-10 13:05:32,2026-06-10,47,0,47
2026-06-10 13:20:26,2026-06-10,47,0,47
2026-06-10 13:35:25,2026-06-10,47,0,47
2026-06-10 13:50:42,2026-06-10,47,0,47
2026-06-10 14:05:27,2026-06-10,47,0,47
2026-06-10 14:20:31,2026-06-10,47,0,47
2026-06-10 14:50:26,2026-06-10,47,0,47
2026-06-10 15:05:30,2026-06-10,47,0,47
2026-06-11 09:50:30,2026-06-11,47,0,47
2026-06-11 10:05:28,2026-06-11,47,0,47
2026-06-11 10:20:23,2026-06-11,47,0,47
2026-06-11 10:35:29,2026-06-11,47,0,47
2026-06-11 10:50:23,2026-06-11,47,0,47
2026-06-11 11:05:29,2026-06-11,47,0,47
2026-06-11 11:20:28,2026-06-11,47,0,47
2026-06-11 11:35:28,2026-06-11,47,0,47
2026-06-11 11:50:26,2026-06-11,47,0,47
2026-06-11 12:05:27,2026-06-11,47,0,47
2026-06-11 12:20:26,2026-06-11,47,0,47
2026-06-11 12:35:31,2026-06-11,47,0,47
2026-06-11 12:50:27,2026-06-11,47,0,47
2026-06-11 12:52:20,2026-06-11,47,0,47
2026-06-11 13:05:33,2026-06-11,47,0,47
2026-06-11 13:20:25,2026-06-11,47,0,47
2026-06-11 13:35:27,2026-06-11,47,0,47
2026-06-11 13:50:31,2026-06-11,47,0,47
2026-06-11 14:05:39,2026-06-11,47,0,47
2026-06-11 14:21:52,2026-06-11,47,0,47
2026-06-11 14:35:26,2026-06-11,47,0,47
2026-06-11 14:50:30,2026-06-11,47,0,47
2026-06-11 15:05:25,2026-06-11,47,0,47
2026-06-12 09:50:26,2026-06-12,47,0,47
2026-06-12 10:05:28,2026-06-12,47,0,47
2026-06-12 10:20:27,2026-06-12,47,0,47
2026-06-12 10:35:23,2026-06-12,47,0,47
2026-06-12 10:50:25,2026-06-12,47,0,47
2026-06-12 11:05:25,2026-06-12,47,0,47
2026-06-12 11:20:25,2026-06-12,47,0,47
2026-06-12 11:35:25,2026-06-12,47,0,47
2026-06-12 11:50:28,2026-06-12,47,0,47
2026-06-12 12:05:22,2026-06-12,47,0,47
2026-06-12 12:20:26,2026-06-12,47,0,47
2026-06-12 12:25:54,2026-06-12,47,0,47
2026-06-12 12:35:37,2026-06-12,47,0,47
2026-06-12 12:50:24,2026-06-12,47,0,47
2026-06-12 13:05:29,2026-06-12,47,0,47
2026-06-12 13:20:28,2026-06-12,47,0,47
2026-06-12 13:35:25,2026-06-12,47,0,47
2026-06-12 13:50:25,2026-06-12,47,0,47
2026-06-12 14:05:27,2026-06-12,47,0,47
2026-06-12 14:20:26,2026-06-12,47,0,47
2026-06-12 14:35:24,2026-06-12,47,0,47
2026-06-12 14:50:28,2026-06-12,47,0,47
2026-06-12 15:05:28,2026-06-12,47,0,47
2026-06-15 09:50:27,2026-06-15,47,0,47
2026-06-15 10:05:41,2026-06-15,47,0,47
2026-06-15 10:20:35,2026-06-15,47,0,47
2026-06-15 10:35:34,2026-06-15,47,0,47
2026-06-15 10:50:28,2026-06-15,47,0,47
2026-06-15 11:05:28,2026-06-15,47,0,47
2026-06-15 11:20:37,2026-06-15,47,0,47
2026-06-15 11:35:26,2026-06-15,47,0,47
2026-06-15 11:50:31,2026-06-15,47,0,47
2026-06-15 12:05:37,2026-06-15,47,0,47
2026-06-15 12:20:28,2026-06-15,47,0,47
2026-06-15 12:35:40,2026-06-15,47,0,47
2026-06-15 12:50:35,2026-06-15,47,0,47
2026-06-15 13:05:30,2026-06-15,47,0,47
2026-06-15 13:20:44,2026-06-15,47,0,47
2026-06-15 13:35:30,2026-06-15,47,0,47
2026-06-15 13:50:28,2026-06-15,47,0,47
2026-06-15 14:05:27,2026-06-15,47,0,47
2026-06-15 14:20:34,2026-06-15,47,0,47
2026-06-15 14:35:32,2026-06-15,47,0,47
2026-06-15 14:50:30,2026-06-15,47,0,47
2026-06-15 15:05:35,2026-06-15,47,0,47
2026-06-16 09:50:26,2026-06-16,47,0,47
2026-06-16 10:05:34,2026-06-16,47,0,47
2026-06-16 10:20:29,2026-06-16,47,0,47
2026-06-16 10:35:38,2026-06-16,47,0,47
2026-06-16 10:50:33,2026-06-16,47,0,47
2026-06-16 11:05:32,2026-06-16,47,0,47
2026-06-16 11:20:35,2026-06-16,47,0,47
2026-06-16 11:35:27,2026-06-16,47,0,47
2026-06-16 11:50:28,2026-06-16,47,0,47
2026-06-16 12:05:32,2026-06-16,47,0,47
2026-06-16 12:20:31,2026-06-16,47,0,47
2026-06-16 12:35:31,2026-06-16,47,0,47
2026-06-16 12:50:36,2026-06-16,47,0,47
2026-06-16 13:05:29,2026-06-16,47,0,47
2026-06-16 13:20:39,2026-06-16,47,0,47
2026-06-16 13:35:41,2026-06-16,47,0,47
2026-06-16 13:50:30,2026-06-16,47,0,47
2026-06-16 14:05:38,2026-06-16,47,0,47
2026-06-16 14:20:31,2026-06-16,47,0,47
2026-06-16 14:23:11,2026-06-16,47,0,47
2026-06-16 14:35:26,2026-06-16,47,0,47
2026-06-16 14:50:45,2026-06-16,47,0,47
2026-06-16 15:05:33,2026-06-16,47,0,47
2026-06-17 09:50:28,2026-06-17,47,0,47
2026-06-17 10:05:34,2026-06-17,47,0,47
2026-06-17 10:20:27,2026-06-17,47,0,47
2026-06-17 10:35:38,2026-06-17,47,0,47
2026-06-17 10:50:36,2026-06-17,47,0,47
2026-06-17 11:05:27,2026-06-17,47,0,47
2026-06-17 11:20:35,2026-06-17,47,0,47
2026-06-17 11:35:27,2026-06-17,47,0,47
2026-06-17 11:50:39,2026-06-17,47,0,47
2026-06-17 12:05:35,2026-06-17,47,0,47
2026-06-17 12:20:27,2026-06-17,47,0,47
2026-06-17 12:35:36,2026-06-17,47,0,47
2026-06-17 12:50:33,2026-06-17,47,0,47
2026-06-17 12:56:03,2026-06-17,47,0,47
2026-06-17 13:05:36,2026-06-17,47,0,47
2026-06-17 13:20:45,2026-06-17,47,0,47
2026-06-17 13:35:29,2026-06-17,47,0,47
2026-06-17 13:50:41,2026-06-17,47,0,47
2026-06-17 14:05:34,2026-06-17,47,0,47
2026-06-17 14:20:31,2026-06-17,47,0,47
2026-06-17 14:35:29,2026-06-17,47,0,47
2026-06-17 14:50:38,2026-06-17,47,0,47
2026-06-17 15:05:29,2026-06-17,47,0,47
2026-06-18 09:50:36,2026-06-18,47,0,47
2026-06-18 10:05:31,2026-06-18,47,0,47
2026-06-18 10:20:26,2026-06-18,47,0,47
2026-06-18 10:35:28,2026-06-18,47,0,47
2026-06-18 10:50:30,2026-06-18,47,0,47
2026-06-18 11:05:30,2026-06-18,47,0,47
2026-06-18 11:20:33,2026-06-18,47,0,47
2026-06-18 11:35:30,2026-06-18,47,0,47
2026-06-18 11:50:39,2026-06-18,47,0,47
2026-06-18 12:05:37,2026-06-18,47,0,47
2026-06-18 12:20:28,2026-06-18,47,0,47
2026-06-18 12:30:45,2026-06-18,47,0,47
2026-06-18 12:35:34,2026-06-18,47,0,47
2026-06-18 12:50:33,2026-06-18,47,0,47
2026-06-18 13:05:30,2026-06-18,47,0,47
2026-06-18 13:20:34,2026-06-18,47,0,47
2026-06-18 13:35:29,2026-06-18,47,0,47
2026-06-18 13:50:36,2026-06-18,47,0,47
2026-06-18 14:05:26,2026-06-18,47,0,47
2026-06-18 14:20:32,2026-06-18,47,0,47
2026-06-18 14:35:31,2026-06-18,47,0,47
2026-06-18 14:50:29,2026-06-18,47,0,47
2026-06-18 15:05:36,2026-06-18,47,0,47
2026-06-19 09:50:34,2026-06-19,47,0,47
2026-06-19 10:05:25,2026-06-19,47,0,47
2026-06-19 10:20:26,2026-06-19,47,0,47
2026-06-19 10:35:25,2026-06-19,47,0,47
2026-06-19 10:50:26,2026-06-19,47,0,47
2026-06-19 11:05:27,2026-06-19,47,0,47
2026-06-19 11:20:26,2026-06-19,47,0,47
2026-06-19 11:35:24,2026-06-19,47,0,47
2026-06-19 11:50:25,2026-06-19,47,0,47
2026-06-19 12:05:28,2026-06-19,47,0,47
2026-06-19 12:20:27,2026-06-19,47,0,47
2026-06-19 12:35:29,2026-06-19,47,0,47
2026-06-19 12:50:24,2026-06-19,47,0,47
2026-06-19 12:52:44,2026-06-19,47,0,47
2026-06-19 13:05:25,2026-06-19,47,0,47
2026-06-19 13:20:26,2026-06-19,47,0,47
2026-06-19 13:35:24,2026-06-19,47,0,47
2026-06-19 13:50:25,2026-06-19,47,0,47
2026-06-19 14:05:26,2026-06-19,47,0,47
2026-06-19 14:20:27,2026-06-19,47,0,47
2026-06-19 14:35:25,2026-06-19,47,0,47
2026-06-19 14:50:26,2026-06-19,47,0,47
2026-06-19 15:05:26,2026-06-19,47,0,47
2026-06-22 09:50:28,2026-06-22,47,0,47
2026-06-22 10:05:32,2026-06-22,47,0,47
2026-06-22 10:20:25,2026-06-22,47,0,47
2026-06-22 10:35:28,2026-06-22,47,0,47
2026-06-22 10:50:28,2026-06-22,47,0,47
2026-06-22 11:05:28,2026-06-22,47,0,47
2026-06-22 11:20:31,2026-06-22,47,0,47
2026-06-22 11:35:28,2026-06-22,47,0,47
2026-06-22 11:50:29,2026-06-22,47,0,47
2026-06-22 12:05:29,2026-06-22,47,0,47
2026-06-22 12:20:30,2026-06-22,47,0,47
2026-06-22 12:35:36,2026-06-22,47,0,47
2026-06-22 12:50:27,2026-06-22,47,0,47
2026-06-22 13:05:28,2026-06-22,47,0,47
2026-06-22 13:20:32,2026-06-22,47,0,47
2026-06-22 13:35:29,2026-06-22,47,0,47
2026-06-22 13:50:33,2026-06-22,47,0,47
2026-06-22 14:05:30,2026-06-22,47,0,47
2026-06-22 14:21:09,2026-06-22,47,0,47
2026-06-22 14:35:31,2026-06-22,47,0,47
2026-06-22 14:49:23,2026-06-22,47,0,47
2026-06-22 14:50:33,2026-06-22,47,0,47
2026-06-22 15:05:33,2026-06-22,47,0,47
2026-06-23 09:50:26,2026-06-23,47,0,47
2026-06-23 10:05:30,2026-06-23,47,0,47
2026-06-23 10:20:39,2026-06-23,47,0,47
2026-06-23 10:35:26,2026-06-23,47,0,47
2026-06-23 10:50:36,2026-06-23,47,0,47
2026-06-23 11:05:29,2026-06-23,47,0,47
2026-06-23 11:20:28,2026-06-23,47,0,47
2026-06-23 11:35:25,2026-06-23,47,0,47
2026-06-23 11:50:29,2026-06-23,47,0,47
2026-06-23 12:05:30,2026-06-23,47,0,47
2026-06-23 12:12:52,2026-06-23,47,0,47
2026-06-23 12:20:31,2026-06-23,47,0,47
2026-06-23 12:35:36,2026-06-23,47,0,47
2026-06-23 12:50:28,2026-06-23,47,0,47
2026-06-23 13:05:30,2026-06-23,47,0,47
2026-06-23 13:20:29,2026-06-23,47,0,47
2026-06-23 13:35:37,2026-06-23,47,0,47
2026-06-23 13:50:30,2026-06-23,47,0,47
2026-06-23 14:05:33,2026-06-23,47,0,47
2026-06-23 14:20:34,2026-06-23,47,0,47
2026-06-23 14:35:29,2026-06-23,47,0,47
2026-06-23 14:50:26,2026-06-23,47,0,47
2026-06-23 15:05:33,2026-06-23,47,0,47
2026-06-24 09:50:27,2026-06-24,47,0,47
2026-06-24 10:05:27,2026-06-24,47,0,47
2026-06-24 10:20:35,2026-06-24,47,0,47
2026-06-24 10:35:31,2026-06-24,47,0,47
2026-06-24 10:50:25,2026-06-24,47,0,47
2026-06-24 11:05:24,2026-06-24,47,0,47
2026-06-24 11:20:26,2026-06-24,47,0,47
2026-06-24 11:35:28,2026-06-24,47,0,47
2026-06-24 11:50:25,2026-06-24,47,0,47
2026-06-24 11:52:09,2026-06-24,47,0,47
2026-06-24 12:05:29,2026-06-24,47,0,47
2026-06-24 12:20:27,2026-06-24,47,0,47
2026-06-24 12:35:25,2026-06-24,47,0,47
2026-06-24 12:50:28,2026-06-24,47,0,47
2026-06-24 13:05:37,2026-06-24,47,0,47
2026-06-24 13:20:28,2026-06-24,47,0,47
2026-06-24 13:35:33,2026-06-24,47,0,47
2026-06-24 13:50:29,2026-06-24,47,0,47
2026-06-24 14:05:28,2026-06-24,47,0,47
2026-06-24 14:20:28,2026-06-24,47,0,47
2026-06-24 14:35:27,2026-06-24,47,0,47
2026-06-24 14:49:53,2026-06-24,47,0,47
2026-06-24 14:50:27,2026-06-24,47,0,47
2026-06-24 15:05:31,2026-06-24,47,0,47
2026-06-25 09:50:27,2026-06-25,47,0,47
2026-06-25 10:05:31,2026-06-25,47,0,47
2026-06-25 10:20:29,2026-06-25,47,0,47
2026-06-25 10:35:29,2026-06-25,47,0,47
2026-06-25 10:50:26,2026-06-25,47,0,47
2026-06-25 11:05:27,2026-06-25,47,0,47
2026-06-25 11:20:29,2026-06-25,47,0,47
2026-06-25 11:35:29,2026-06-25,47,0,47
2026-06-25 11:47:01,2026-06-25,47,0,47
2026-06-25 11:50:31,2026-06-25,47,0,47
2026-06-25 12:05:32,2026-06-25,47,0,47
2026-06-25 12:20:29,2026-06-25,47,0,47
2026-06-25 12:35:34,2026-06-25,47,0,47
2026-06-25 12:50:28,2026-06-25,47,0,47
2026-06-25 13:05:32,2026-06-25,47,0,47
2026-06-26 10:50:21,2026-06-26,47,0,47
2026-06-26 11:05:30,2026-06-26,47,0,47
2026-06-26 11:48:44,2026-06-26,47,0,47
2026-06-26 11:50:25,2026-06-26,47,0,47
2026-06-26 12:05:25,2026-06-26,47,0,47
2026-06-26 12:50:25,2026-06-26,47,0,47
2026-06-26 13:05:25,2026-06-26,47,0,47
2026-06-26 13:37:08,2026-06-26,47,0,47
2026-06-26 13:50:24,2026-06-26,47,0,47
2026-06-26 13:51:54,2026-06-26,47,0,47
2026-06-26 14:05:29,2026-06-26,47,0,47
2026-06-26 14:50:21,2026-06-26,47,0,47
2026-06-26 15:05:30,2026-06-26,47,0,47
2026-06-29 09:50:26,2026-06-29,47,0,47
2026-06-29 10:05:48,2026-06-29,47,0,47
2026-06-29 10:20:24,2026-06-29,47,0,47
2026-06-29 10:35:39,2026-06-29,47,0,47
2026-06-29 10:50:25,2026-06-29,47,0,47
2026-06-29 11:05:28,2026-06-29,47,0,47
2026-06-29 11:20:25,2026-06-29,47,0,47
2026-06-29 11:35:22,2026-06-29,47,0,47
2026-06-29 11:50:27,2026-06-29,47,0,47
2026-06-29 12:05:21,2026-06-29,47,0,47
2026-06-29 12:20:28,2026-06-29,47,0,47
2026-06-29 13:05:25,2026-06-29,47,0,47
2026-06-29 13:14:24,2026-06-29,47,0,47
2026-06-29 13:20:26,2026-06-29,47,0,47
2026-06-29 13:35:22,2026-06-29,47,0,47
2026-06-29 13:50:33,2026-06-29,47,0,47
2026-06-29 14:05:24,2026-06-29,47,0,47
2026-06-29 14:20:27,2026-06-29,47,0,47
2026-06-29 14:35:26,2026-06-29,47,0,47
2026-06-29 14:50:25,2026-06-29,47,0,47
2026-06-29 15:05:31,2026-06-29,47,0,47
2026-06-30 10:06:24,2026-06-30,47,0,47
2026-06-30 10:20:31,2026-06-30,47,0,47
2026-06-30 10:35:29,2026-06-30,47,0,47
2026-06-30 10:50:31,2026-06-30,47,0,47
2026-06-30 11:05:24,2026-06-30,47,0,47
2026-06-30 11:20:30,2026-06-30,47,0,47
2026-06-30 11:35:25,2026-06-30,47,0,47
2026-06-30 11:49:10,2026-06-30,47,0,47
2026-06-30 11:50:35,2026-06-30,47,0,47
2026-06-30 12:05:27,2026-06-30,47,0,47
2026-06-30 12:20:42,2026-06-30,47,0,47
2026-06-30 12:35:23,2026-06-30,47,0,47
2026-06-30 12:50:33,2026-06-30,47,0,47
2026-06-30 13:05:25,2026-06-30,47,0,47
2026-06-30 13:20:33,2026-06-30,47,0,47
2026-06-30 13:33:44,2026-06-30,47,0,47
2026-06-30 13:35:24,2026-06-30,47,0,47
2026-06-30 13:50:43,2026-06-30,47,0,47
2026-06-30 14:05:25,2026-06-30,47,0,47
2026-06-30 14:20:33,2026-06-30,47,0,47
2026-06-30 14:35:56,2026-06-30,47,0,47
2026-06-30 14:50:36,2026-06-30,47,0,47
2026-06-30 15:05:23,2026-06-30,47,0,47
2026-07-01 10:05:40,2026-07-01,47,0,47
2026-07-01 10:20:33,2026-07-01,47,0,47
2026-07-01 10:35:33,2026-07-01,47,0,47
2026-07-01 10:50:34,2026-07-01,47,0,47
2026-07-01 11:05:23,2026-07-01,47,0,47
2026-07-01 11:20:34,2026-07-01,47,0,47
2026-07-01 11:35:28,2026-07-01,47,0,47
2026-07-01 11:50:35,2026-07-01,47,0,47
2026-07-01 12:05:25,2026-07-01,47,0,47
2026-07-01 12:14:13,2026-07-01,47,0,47
2026-07-01 12:20:37,2026-07-01,47,0,47
2026-07-01 12:35:28,2026-07-01,47,0,47
2026-07-01 12:50:32,2026-07-01,47,0,47
2026-07-01 13:05:25,2026-07-01,47,0,47
2026-07-01 13:20:36,2026-07-01,47,0,47
2026-07-01 13:35:23,2026-07-01,47,0,47
2026-07-01 13:50:39,2026-07-01,47,0,47
2026-07-01 14:05:38,2026-07-01,47,0,47
2026-07-01 14:20:36,2026-07-01,47,0,47
2026-07-01 14:35:31,2026-07-01,47,0,47
2026-07-01 14:50:34,2026-07-01,47,0,47
2026-07-01 15:05:25,2026-07-01,47,0,47
2026-07-02 09:50:35,2026-07-02,47,0,47
2026-07-02 10:05:22,2026-07-02,47,0,47
2026-07-02 10:20:34,2026-07-02,47,0,47
2026-07-02 10:35:20,2026-07-02,47,0,47
2026-07-02 10:50:35,2026-07-02,47,0,47
2026-07-02 11:05:24,2026-07-02,47,0,47
2026-07-02 11:35:24,2026-07-02,47,0,47
2026-07-02 11:40:37,2026-07-02,47,0,47
2026-07-02 11:50:35,2026-07-02,47,0,47
2026-07-02 12:05:22,2026-07-02,47,0,47
2026-07-02 12:20:38,2026-07-02,47,0,47
2026-07-02 12:35:23,2026-07-02,47,0,47
2026-07-02 12:50:38,2026-07-02,47,0,47
2026-07-02 13:05:25,2026-07-02,47,0,47
2026-07-02 13:20:42,2026-07-02,47,0,47
2026-07-02 13:21:45,2026-07-02,47,0,47
2026-07-02 13:35:23,2026-07-02,47,0,47
2026-07-02 13:50:37,2026-07-02,47,0,47
2026-07-02 14:05:24,2026-07-02,47,0,47
2026-07-02 14:20:37,2026-07-02,47,0,47
2026-07-02 14:35:23,2026-07-02,47,0,47
2026-07-02 14:52:14,2026-07-02,47,0,47
2026-07-02 15:05:26,2026-07-02,47,0,47
2026-07-03 09:50:36,2026-07-03,47,0,47
2026-07-03 10:05:30,2026-07-03,47,0,47
2026-07-03 10:20:34,2026-07-03,47,0,47
2026-07-03 10:35:22,2026-07-03,47,0,47
2026-07-03 10:50:35,2026-07-03,47,0,47
2026-07-03 11:05:22,2026-07-03,47,0,47
2026-07-03 11:20:36,2026-07-03,47,0,47
2026-07-03 11:35:25,2026-07-03,47,0,47
2026-07-03 11:39:19,2026-07-03,47,0,47
2026-07-03 11:50:37,2026-07-03,47,0,47
2026-07-03 12:05:26,2026-07-03,47,0,47
2026-07-03 12:20:39,2026-07-03,47,0,47
2026-07-03 12:35:22,2026-07-03,47,0,47
2026-07-03 12:50:38,2026-07-03,47,0,47
2026-07-03 13:05:23,2026-07-03,47,0,47
2026-07-03 13:20:35,2026-07-03,47,0,47
2026-07-03 13:24:12,2026-07-03,47,0,47
2026-07-03 13:35:22,2026-07-03,47,0,47
2026-07-03 13:50:39,2026-07-03,47,0,47
2026-07-03 14:05:26,2026-07-03,47,0,47
2026-07-03 14:20:46,2026-07-03,47,0,47
2026-07-03 14:35:25,2026-07-03,47,0,47
2026-07-03 14:50:43,2026-07-03,47,0,47
2026-07-03 15:05:25,2026-07-03,47,0,47
2026-07-06 09:51:04,2026-07-06,47,0,47
2026-07-06 10:05:28,2026-07-06,47,0,47
2026-07-06 10:20:49,2026-07-06,47,0,47
2026-07-06 10:35:24,2026-07-06,47,0,47
2026-07-06 10:50:46,2026-07-06,47,0,47
2026-07-06 11:05:26,2026-07-06,47,0,47
2026-07-06 11:20:50,2026-07-06,47,0,47
2026-07-06 11:35:23,2026-07-06,47,0,47
2026-07-06 11:50:55,2026-07-06,47,0,47
2026-07-06 12:05:27,2026-07-06,47,0,47
2026-07-06 12:20:52,2026-07-06,47,0,47
2026-07-06 12:35:48,2026-07-06,47,0,47
2026-07-06 12:50:46,2026-07-06,47,0,47
2026-07-06 12:56:02,2026-07-06,47,0,47
2026-07-06 13:05:24,2026-07-06,47,0,47
2026-07-06 13:20:46,2026-07-06,47,0,47
2026-07-06 13:35:31,2026-07-06,47,0,47
2026-07-06 13:50:53,2026-07-06,47,0,47
2026-07-06 14:05:35,2026-07-06,47,0,47
2026-07-06 14:20:48,2026-07-06,47,0,47
2026-07-06 14:36:13,2026-07-06,47,0,47
2026-07-06 14:50:46,2026-07-06,47,0,47
2026-07-06 15:05:32,2026-07-06,47,0,47
2026-07-07 09:50:45,2026-07-07,47,0,47
2026-07-07 10:05:35,2026-07-07,47,0,47
2026-07-07 10:20:46,2026-07-07,47,0,47
2026-07-07 10:35:22,2026-07-07,47,0,47
2026-07-07 10:50:45,2026-07-07,47,0,47
2026-07-07 11:05:23,2026-07-07,47,0,47
2026-07-07 11:20:45,2026-07-07,47,0,47
2026-07-07 11:35:32,2026-07-07,47,0,47
2026-07-07 11:50:50,2026-07-07,47,0,47
2026-07-07 12:06:22,2026-07-07,47,0,47
2026-07-07 12:20:54,2026-07-07,47,0,47
2026-07-07 12:35:25,2026-07-07,47,0,47
2026-07-07 12:50:46,2026-07-07,47,0,47
2026-07-07 13:05:24,2026-07-07,47,0,47
2026-07-07 13:20:52,2026-07-07,47,0,47
2026-07-07 13:35:26,2026-07-07,47,0,47
2026-07-07 13:50:52,2026-07-07,47,0,47
2026-07-07 14:05:29,2026-07-07,47,0,47
2026-07-07 14:20:52,2026-07-07,47,0,47
2026-07-07 14:35:25,2026-07-07,47,0,47
2026-07-07 14:50:48,2026-07-07,47,0,47
2026-07-08 09:50:45,2026-07-08,47,0,47
2026-07-08 10:05:28,2026-07-08,47,0,47
2026-07-08 10:20:48,2026-07-08,47,0,47
2026-07-08 10:35:24,2026-07-08,47,0,47
2026-07-08 10:50:47,2026-07-08,47,0,47
2026-07-08 11:05:23,2026-07-08,47,0,47
2026-07-08 11:10:34,2026-07-08,47,0,47
2026-07-08 11:20:46,2026-07-08,47,0,47
2026-07-08 11:35:24,2026-07-08,47,0,47
2026-07-08 11:50:47,2026-07-08,47,0,47
2026-07-08 12:05:26,2026-07-08,47,0,47
2026-07-08 12:20:50,2026-07-08,47,0,47
2026-07-08 12:35:26,2026-07-08,47,0,47
2026-07-08 12:50:51,2026-07-08,47,0,47
2026-07-08 12:53:43,2026-07-08,47,0,47
2026-07-08 13:05:41,2026-07-08,47,0,47
2026-07-08 13:20:49,2026-07-08,47,0,47
2026-07-08 13:35:52,2026-07-08,47,0,47
2026-07-08 13:50:50,2026-07-08,47,0,47
2026-07-08 14:05:24,2026-07-08,47,0,47
2026-07-08 14:20:49,2026-07-08,47,0,47
2026-07-08 14:35:27,2026-07-08,47,0,47
2026-07-08 14:50:49,2026-07-08,47,0,47
2026-07-08 15:05:26,2026-07-08,47,0,47
2026-07-09 09:55:55,2026-07-09,47,0,47
2026-07-09 10:05:34,2026-07-09,47,0,47
2026-07-09 10:20:53,2026-07-09,47,0,47
2026-07-09 10:35:26,2026-07-09,47,0,47
2026-07-09 10:55:51,2026-07-09,47,0,47
2026-07-09 11:10:25,2026-07-09,47,0,47
2026-07-09 11:25:57,2026-07-09,47,0,47
2026-07-09 11:35:23,2026-07-09,47,0,47
2026-07-09 11:50:47,2026-07-09,47,0,47
2026-07-09 12:05:23,2026-07-09,47,0,47
2026-07-09 12:12:55,2026-07-09,47,0,47
2026-07-09 12:20:44,2026-07-09,47,0,47
2026-07-09 12:36:46,2026-07-09,47,0,47
2026-07-09 12:51:41,2026-07-09,47,0,47
2026-07-09 13:06:58,2026-07-09,47,0,47
2026-07-09 13:22:21,2026-07-09,47,0,47
2026-07-09 13:35:30,2026-07-09,47,0,47
2026-07-09 13:50:45,2026-07-09,47,0,47
2026-07-09 14:05:25,2026-07-09,47,0,47
2026-07-09 14:20:41,2026-07-09,47,0,47
2026-07-09 14:35:29,2026-07-09,47,0,47
2026-07-09 14:50:46,2026-07-09,47,0,47
2026-07-09 15:05:25,2026-07-09,47,0,47
2026-07-10 09:50:47,2026-07-10,47,0,47
2026-07-10 10:05:23,2026-07-10,47,0,47
2026-07-10 10:20:47,2026-07-10,47,0,47
2026-07-10 10:35:27,2026-07-10,47,0,47
2026-07-10 10:50:42,2026-07-10,47,0,47
2026-07-10 11:05:30,2026-07-10,47,0,47
2026-07-10 11:20:47,2026-07-10,47,0,47
2026-07-10 11:35:30,2026-07-10,47,0,47
2026-07-10 11:50:43,2026-07-10,47,0,47
2026-07-10 12:05:25,2026-07-10,47,0,47
2026-07-10 12:06:20,2026-07-10,47,0,47
2026-07-10 12:20:48,2026-07-10,47,0,47
2026-07-10 12:35:23,2026-07-10,47,0,47
2026-07-10 12:50:45,2026-07-10,47,0,47
2026-07-10 13:05:24,2026-07-10,47,0,47
2026-07-10 13:20:45,2026-07-10,47,0,47
2026-07-10 13:35:21,2026-07-10,47,0,47
2026-07-10 13:50:46,2026-07-10,47,0,47
2026-07-10 14:05:26,2026-07-10,47,0,47
2026-07-10 14:20:44,2026-07-10,47,0,47
2026-07-10 14:35:22,2026-07-10,47,0,47
2026-07-10 14:50:50,2026-07-10,47,0,47
2026-07-10 15:04:07,2026-07-10,47,0,47
2026-07-10 15:05:24,2026-07-10,47,0,47
2026-07-13 09:50:46,2026-07-13,47,0,47
2026-07-13 10:05:30,2026-07-13,47,0,47
2026-07-13 10:20:46,2026-07-13,47,0,47
2026-07-13 10:35:31,2026-07-13,47,0,47
2026-07-13 10:50:47,2026-07-13,47,0,47
2026-07-13 11:05:27,2026-07-13,47,0,47
2026-07-13 11:20:44,2026-07-13,47,0,47
2026-07-13 11:35:25,2026-07-13,47,0,47
2026-07-13 11:50:53,2026-07-13,47,0,47
2026-07-13 12:05:25,2026-07-13,47,0,47
2026-07-13 12:15:13,2026-07-13,47,0,47
2026-07-13 12:20:49,2026-07-13,47,0,47
2026-07-13 12:35:23,2026-07-13,47,0,47
2026-07-13 12:50:46,2026-07-13,47,0,47
2026-07-13 13:05:37,2026-07-13,47,0,47
2026-07-13 13:20:46,2026-07-13,47,0,47
2026-07-13 13:38:25,2026-07-13,47,0,47
2026-07-13 13:50:51,2026-07-13,47,0,47
2026-07-13 14:05:33,2026-07-13,47,0,47
2026-07-13 14:20:50,2026-07-13,47,0,47
2026-07-13 14:35:26,2026-07-13,47,0,47
2026-07-13 14:50:53,2026-07-13,47,0,47
2026-07-13 15:05:28,2026-07-13,47,0,47
2026-07-14 09:50:47,2026-07-14,47,0,47
2026-07-14 10:05:31,2026-07-14,47,0,47
2026-07-14 10:20:49,2026-07-14,47,0,47
2026-07-14 10:35:21,2026-07-14,47,0,47
2026-07-14 10:50:46,2026-07-14,47,0,47
2026-07-14 10:53:12,2026-07-14,47,0,47
2026-07-14 11:05:31,2026-07-14,47,0,47
2026-07-14 11:20:52,2026-07-14,47,0,47
2026-07-14 11:35:21,2026-07-14,47,0,47
2026-07-14 11:50:47,2026-07-14,47,0,47
2026-07-14 12:05:24,2026-07-14,47,0,47
2026-07-14 12:19:52,2026-07-14,47,0,47
2026-07-14 12:20:48,2026-07-14,47,0,47
2026-07-14 12:35:26,2026-07-14,47,0,47
2026-07-14 12:50:49,2026-07-14,47,0,47
2026-07-14 13:05:22,2026-07-14,47,0,47
2026-07-14 13:20:46,2026-07-14,47,0,47
2026-07-14 13:35:23,2026-07-14,47,0,47
2026-07-14 13:50:50,2026-07-14,47,0,47
2026-07-14 14:05:32,2026-07-14,47,0,47
2026-07-14 14:18:37,2026-07-14,47,0,47
2026-07-14 14:20:53,2026-07-14,47,0,47
2026-07-14 14:35:23,2026-07-14,47,0,47
2026-07-14 14:50:53,2026-07-14,47,0,47
2026-07-14 15:05:24,2026-07-14,47,0,47
2026-07-15 09:50:48,2026-07-15,47,0,47
2026-07-15 10:05:31,2026-07-15,47,0,47
2026-07-15 10:20:48,2026-07-15,47,0,47
2026-07-15 10:35:23,2026-07-15,47,0,47
2026-07-15 10:50:47,2026-07-15,47,0,47
2026-07-15 10:57:52,2026-07-15,47,0,47
2026-07-15 11:05:25,2026-07-15,47,0,47
2026-07-15 11:20:49,2026-07-15,47,0,47
2026-07-15 11:35:22,2026-07-15,47,0,47
2026-07-15 11:50:48,2026-07-15,47,0,47
2026-07-15 12:05:28,2026-07-15,47,0,47
2026-07-15 12:20:43,2026-07-15,47,0,47
2026-07-15 12:35:25,2026-07-15,47,0,47
2026-07-15 12:50:46,2026-07-15,47,0,47
2026-07-15 13:05:22,2026-07-15,47,0,47
2026-07-15 13:20:47,2026-07-15,47,0,47
2026-07-15 13:35:28,2026-07-15,47,0,47
2026-07-15 13:50:50,2026-07-15,47,0,47
2026-07-15 14:05:23,2026-07-15,47,0,47
2026-07-15 14:20:50,2026-07-15,47,0,47
2026-07-15 14:22:48,2026-07-15,47,0,47
2026-07-15 14:35:23,2026-07-15,47,0,47
2026-07-15 14:50:46,2026-07-15,47,0,47
2026-07-15 15:05:25,2026-07-15,47,0,47
2026-07-16 09:50:47,2026-07-16,47,0,47
2026-07-16 10:05:38,2026-07-16,47,0,47
2026-07-16 10:20:50,2026-07-16,47,0,47
2026-07-16 10:35:25,2026-07-16,47,0,47
2026-07-16 10:50:46,2026-07-16,47,0,47
2026-07-16 11:05:25,2026-07-16,47,0,47
2026-07-16 11:06:22,2026-07-16,47,0,47
2026-07-16 11:20:46,2026-07-16,47,0,47
